{"type":"FeatureCollection","features":[{"type":"Feature","geometry":{"type":"LineString","coordinates":[[113.9230118,22.5225245],[113.9235147,22.5223492],[113.9236229,22.5223115]]},"properties":{"highway":"tertiary","name":"海德二道","osm_id":"25447638"}},{"type":"Feature","geometry":{"type":"LineString","coordinates":[[113.9239695,22.5254557],[113.9240588,22.5253923],[113.9241581,22.525293],[113.9242215,22.5252044],[113.9242745,22.5250941],[113.9243228,22.5249538],[113.92434,22.5248434],[113.9243538,22.5246529],[113.924308,22.5244053],[113.9242542,22.5241782],[113.924165,22.5239064],[113.9240305,22.5235292],[113.9239669,22.5233423],[113.923846,22.5229049]]},"properties":{"highway":"primary_link","name":"","osm_id":"26968030"}},{"type":"Feature","geometry":{"type":"LineString","coordinates":[[113.9283089,22.5229304],[113.9284095,22.523096],[113.9284487,22.5231916],[113.9285214,22.5234119],[113.9286231,22.5237486],[113.9286301,22.5237663],[113.9287216,22.5239989],[113.9287977,22.5240967],[113.9288907,22.5241924],[113.9290117,22.5242767],[113.9291708,22.5243549],[113.9293616,22.5244362],[113.9295436,22.5244898],[113.9298165,22.5245404]]},"properties":{"highway":"primary_link","name":"","osm_id":"26968057"}},{"type":"Feature","geometry":{"type":"LineString","coordinates":[[113.9345344,22.5246697],[113.9302795,22.5247595]]},"properties":{"highway":"trunk","name":"滨海大道","osm_id":"27006844"}},{"type":"Feature","geometry":{"type":"LineString","coordinates":[[113.9335514,22.525941],[113.9335458,22.5259227],[113.9335092,22.5258037],[113.9334815,22.5257134],[113.9332927,22.5250847],[113.9332509,22.5249453]]},"properties":{"highway":"tertiary","name":"高新南九道","osm_id":"69347635"}},{"type":"Feature","geometry":{"type":"LineString","coordinates":[[113.9284029,22.5233009],[113.9284616,22.5235206],[113.9285178,22.5237061],[113.9285586,22.5238503],[113.9286196,22.5240396],[113.9286574,22.5241513],[113.9287045,22.5242784],[113.9287572,22.5244123]]},"properties":{"highway":"primary","name":"后海大道","osm_id":"96326129"}},{"type":"Feature","geometry":{"type":"LineString","coordinates":[[113.9286773,22.5244719],[113.9286273,22.5243467],[113.9285713,22.5241963],[113.9285207,22.5240497],[113.9284651,22.5238728],[113.9283706,22.5235557],[113.9283056,22.5233154]]},"properties":{"highway":"primary","name":"后海大道","osm_id":"96326147"}},{"type":"Feature","geometry":{"type":"LineString","coordinates":[[113.9266508,22.5249388],[113.9266137,22.524799],[113.9266068,22.5247709],[113.9263478,22.5237835],[113.9263219,22.5236844],[113.9262445,22.5233895],[113.9261833,22.5231844]]},"properties":{"highway":"tertiary","name":"文心二路","osm_id":"101316398"}},{"type":"Feature","geometry":{"type":"LineString","coordinates":[[113.9247898,22.5235099],[113.9249816,22.5234628],[113.9251336,22.5234255],[113.9259603,22.523239],[113.9260159,22.5232253],[113.9261833,22.5231844]]},"properties":{"highway":"residential","name":"海德三道","osm_id":"101317370"}},{"type":"Feature","geometry":{"type":"LineString","coordinates":[[113.9243493,22.5238527],[113.9244287,22.5240833],[113.9244899,22.5243056],[113.9245239,22.5244524],[113.9245666,22.5246884],[113.9245969,22.5248713],[113.9246223,22.5250821],[113.9246393,22.5252852],[113.9246515,22.5255863]]},"properties":{"highway":"primary","name":"南海大道","osm_id":"203270122"}},{"type":"Feature","geometry":{"type":"LineString","coordinates":[[113.9297671,22.5250117],[113.9296273,22.5250643],[113.9295327,22.5251045],[113.9294526,22.5251649],[113.9294031,22.5252309],[113.9293677,22.5253117],[113.929351,22.525384],[113.929347,22.5254496],[113.9293519,22.5255164],[113.9293704,22.5256068],[113.9293895,22.525649],[113.9295134,22.5259225]]},"properties":{"highway":"primary_link","name":"","osm_id":"231988173"}},{"type":"Feature","geometry":{"type":"LineString","coordinates":[[113.9258423,22.5217939],[113.9257766,22.5218136],[113.925595,22.5218657],[113.9252151,22.5219759],[113.924872,22.5220818],[113.9241297,22.5223107],[113.9240625,22.5223335],[113.9240255,22.522352],[113.9239932,22.5223861],[113.9239764,22.5224102],[113.9239654,22.5224441],[113.9239606,22.5224871],[113.9239595,22.5225441]]},"properties":{"highway":"tertiary","name":"海德二道","osm_id":"232079520"}},{"type":"Feature","geometry":{"type":"LineString","coordinates":[[113.928869,22.5239406],[113.928979,22.5240719]]},"properties":{"highway":"steps","name":"","osm_id":"232079521"}},{"type":"Feature","geometry":{"type":"LineString","coordinates":[[113.9248606,22.5249309],[113.924807,22.5248541],[113.9247666,22.5247895],[113.9247292,22.5246956]]},"properties":{"highway":"steps","name":"","osm_id":"232079522"}},{"type":"Feature","geometry":{"type":"LineString","coordinates":[[113.9250109,22.5250375],[113.9249277,22.5249904],[113.9248606,22.5249309]]},"properties":{"highway":"steps","name":"","osm_id":"232079524"}},{"type":"Feature","geometry":{"type":"LineString","coordinates":[[113.928979,22.5240719],[113.9291265,22.524166]]},"properties":{"highway":"steps","name":"","osm_id":"232079525"}},{"type":"Feature","geometry":{"type":"LineString","coordinates":[[113.9274115,22.5213052],[113.9281599,22.5212246]]},"properties":{"highway":"footway","name":"","osm_id":"232330956"}},{"type":"Feature","geometry":{"type":"LineString","coordinates":[[113.928174,22.5229509],[113.9280871,22.5228978],[113.928054,22.5228795],[113.928018,22.5228644],[113.9279804,22.5228512],[113.9279239,22.5228417],[113.9278426,22.5228426],[113.9278047,22.5228475],[113.9277686,22.5228518],[113.9276972,22.5228646],[113.9272961,22.5229543],[113.926467,22.523143],[113.9264185,22.523154],[113.9261833,22.5231844]]},"properties":{"highway":"tertiary","name":"海德三道","osm_id":"232333397"}},{"type":"Feature","geometry":{"type":"LineString","coordinates":[[113.9307835,22.5189596],[113.9307922,22.5190272],[113.9308094,22.5191632],[113.9308706,22.5196086],[113.9308874,22.519734]]},"properties":{"highway":"unclassified","name":"","osm_id":"232333399"}},{"type":"Feature","geometry":{"type":"LineString","coordinates":[[113.9239509,22.5227723],[113.924098,22.5230594],[113.9241782,22.5232251],[113.9243229,22.523575],[113.9244173,22.5238322],[113.9244787,22.5240249],[113.924548,22.5242963],[113.9246141,22.5246004],[113.9246647,22.5247722],[113.9247406,22.5248867],[113.9248447,22.5249933],[113.9249532,22.5250667],[113.92509,22.5251225],[113.9252165,22.5251531],[113.925365,22.5251655]]},"properties":{"highway":"primary_link","name":"","osm_id":"232728333"}},{"type":"Feature","geometry":{"type":"LineString","coordinates":[[113.9235147,22.5223492],[113.9236494,22.5226463],[113.9237674,22.5229956],[113.9241065,22.5239286],[113.9241672,22.5242319],[113.9242315,22.524497],[113.924257,22.5247919],[113.9242315,22.5249579],[113.9241806,22.5251189],[113.9240214,22.525339],[113.9238278,22.5254835],[113.9235811,22.5255872],[113.9234067,22.5256664],[113.9231493,22.5257457]]},"properties":{"highway":"service","name":"","osm_id":"232728538"}},{"type":"Feature","geometry":{"type":"LineString","coordinates":[[113.9246996,22.5243625],[113.9242315,22.524497]]},"properties":{"highway":"footway","name":"","osm_id":"232728544"}},{"type":"Feature","geometry":{"type":"LineString","coordinates":[[113.9277437,22.5179865],[113.927566,22.5180033],[113.9274165,22.5180031],[113.9271793,22.5180027],[113.9266436,22.5179923],[113.9251361,22.5179628],[113.9250252,22.5179605],[113.9249329,22.5179595],[113.9247899,22.5179549]]},"properties":{"highway":"secondary","name":"创业路","osm_id":"233747742"}},{"type":"Feature","geometry":{"type":"LineString","coordinates":[[113.9239021,22.5244102],[113.9239477,22.5243928],[113.9239745,22.5243532],[113.9239638,22.524316],[113.9239284,22.5242636],[113.9238728,22.5242248]]},"properties":{"highway":"service","name":"","osm_id":"234578673"}},{"type":"Feature","geometry":{"type":"LineString","coordinates":[[113.9241065,22.5239286],[113.9238172,22.5239838]]},"properties":{"highway":"service","name":"","osm_id":"234578686"}},{"type":"Feature","geometry":{"type":"LineString","coordinates":[[113.9232997,22.5238451],[113.923768,22.5237709],[113.9238172,22.5239838],[113.9238728,22.5242248],[113.9238967,22.5243284],[113.923827,22.5243557],[113.9238511,22.524482],[113.9239987,22.5244696],[113.9240786,22.5248463],[113.9240711,22.5249181],[113.9240389,22.5250048],[113.923974,22.5251164],[113.9238721,22.5252056],[113.9237385,22.5252525],[113.9235829,22.5251832]]},"properties":{"highway":"service","name":"","osm_id":"234578688"}},{"type":"Feature","geometry":{"type":"LineString","coordinates":[[113.9242124,22.519511],[113.9242372,22.5195971],[113.9245069,22.5205326],[113.9246141,22.5209043],[113.9246636,22.5210762],[113.9249056,22.5219154],[113.9249251,22.5219807]]},"properties":{"highway":"pedestrian","name":"","osm_id":"234578689"}},{"type":"Feature","geometry":{"type":"LineString","coordinates":[[113.9254797,22.5206978],[113.9254041,22.5207157],[113.9246141,22.5209043]]},"properties":{"highway":"service","name":"","osm_id":"234578695"}},{"type":"Feature","geometry":{"type":"LineString","coordinates":[[113.9246636,22.5210762],[113.9238079,22.5213255],[113.9237458,22.5213436],[113.9235123,22.5214116]]},"properties":{"highway":"service","name":"","osm_id":"235082330"}},{"type":"Feature","geometry":{"type":"LineString","coordinates":[[113.9247898,22.5235099],[113.9248214,22.5234124],[113.9250333,22.5228955],[113.9252502,22.522255],[113.9252771,22.522167],[113.925248,22.5220774],[113.9252383,22.5220476],[113.9252151,22.5219759]]},"properties":{"highway":"service","name":"","osm_id":"235082339"}},{"type":"Feature","geometry":{"type":"LineString","coordinates":[[113.9329829,22.5184566],[113.9330011,22.5185234],[113.9330333,22.5186411],[113.9331372,22.5190216],[113.9331766,22.5191657],[113.9332849,22.5195625],[113.9334116,22.5199166],[113.9334384,22.5199968]]},"properties":{"highway":"unclassified","name":"文心六路","osm_id":"235113240"}},{"type":"Feature","geometry":{"type":"LineString","coordinates":[[113.9274115,22.5213052],[113.9272148,22.5213328]]},"properties":{"highway":"steps","name":"","osm_id":"235113245"}},{"type":"Feature","geometry":{"type":"LineString","coordinates":[[113.9308874,22.519734],[113.9309491,22.5201938],[113.9310255,22.5207764],[113.9310392,22.5208649],[113.9310465,22.5209197],[113.9310533,22.5209715],[113.9310566,22.5209948]]},"properties":{"highway":"unclassified","name":"文心四路","osm_id":"235113766"}},{"type":"Feature","geometry":{"type":"LineString","coordinates":[[113.9336088,22.5206996],[113.9337114,22.5214529],[113.9337759,22.521963],[113.9337893,22.5220765],[113.9337998,22.522165]]},"properties":{"highway":"unclassified","name":"文心六路","osm_id":"235113768"}},{"type":"Feature","geometry":{"type":"LineString","coordinates":[[113.9285639,22.5220538],[113.9285569,22.521999],[113.928507,22.5216082]]},"properties":{"highway":"service","name":"","osm_id":"235114313"}},{"type":"Feature","geometry":{"type":"LineString","coordinates":[[113.9261833,22.5231844],[113.9264038,22.5231011],[113.9264524,22.5230889],[113.926535,22.5230698],[113.9266115,22.5230521],[113.9272805,22.5228973],[113.9276755,22.5228063],[113.9277866,22.5227743],[113.9278363,22.522757],[113.927883,22.5227349],[113.9279295,22.5227074],[113.9279719,22.5226745],[113.9280193,22.5226273],[113.9280668,22.5225763]]},"properties":{"highway":"tertiary","name":"海德三道","osm_id":"235114317"}},{"type":"Feature","geometry":{"type":"LineString","coordinates":[[113.9347529,22.5204913],[113.9348031,22.5205305],[113.9348501,22.5205537]]},"properties":{"highway":"service","name":"","osm_id":"235114319"}},{"type":"Feature","geometry":{"type":"LineString","coordinates":[[113.9281861,22.5196215],[113.9281105,22.5196649],[113.9280462,22.5197129],[113.9279918,22.5197666],[113.9279594,22.5198065],[113.9279493,22.5198232],[113.9279365,22.5198446],[113.9278951,22.5199032],[113.9278717,22.5199462],[113.9278388,22.5200204]]},"properties":{"highway":"primary_link","name":"","osm_id":"235115120"}},{"type":"Feature","geometry":{"type":"LineString","coordinates":[[113.9237652,22.5216402],[113.9237162,22.5215092]]},"properties":{"highway":"steps","name":"","osm_id":"235152144"}},{"type":"Feature","geometry":{"type":"LineString","coordinates":[[113.9353452,22.5205929],[113.9352925,22.5205457],[113.9352375,22.5205084],[113.935171,22.5204782],[113.9351194,22.5204622],[113.9350761,22.520457],[113.9350204,22.5204605],[113.9347529,22.5204913],[113.9336864,22.5206146],[113.9335963,22.5206251],[113.9335004,22.5206362],[113.9323126,22.5207735],[113.9322858,22.5207768],[113.9322168,22.5207845],[113.932136,22.5207938],[113.932084,22.5207999],[113.932063,22.5208023],[113.9317106,22.5208431],[113.9311735,22.520905],[113.9310465,22.5209197],[113.9309265,22.5209337],[113.9298466,22.5210586],[113.9297639,22.5210681],[113.9297011,22.5210754],[113.9296512,22.5210812],[113.9281637,22.5212531],[113.9281268,22.5212609],[113.9280894,22.5212706],[113.9280772,22.5212812],[113.9280634,22.5212983],[113.9280504,22.5213197],[113.9280199,22.5213645]]},"properties":{"highway":"residential","name":"海德二道","osm_id":"235152799"}},{"type":"Feature","geometry":{"type":"LineString","coordinates":[[113.9334384,22.5199968],[113.9335712,22.5205076],[113.9335788,22.5205356],[113.9335864,22.520571],[113.9335963,22.5206251],[113.933604,22.5206667],[113.9336088,22.5206996]]},"properties":{"highway":"unclassified","name":"文心六路","osm_id":"235290415"}},{"type":"Feature","geometry":{"type":"LineString","coordinates":[[113.9292876,22.5178148],[113.9285749,22.5179886],[113.9280773,22.5181134],[113.9280157,22.5181954],[113.9280009,22.5182151],[113.9280706,22.5189533],[113.9281181,22.5194724],[113.9290877,22.5192453]]},"properties":{"highway":"service","name":"","osm_id":"235290419"}},{"type":"Feature","geometry":{"type":"LineString","coordinates":[[113.9285189,22.5177809],[113.9285395,22.5178636],[113.9285749,22.5179886]]},"properties":{"highway":"service","name":"","osm_id":"235290420"}},{"type":"Feature","geometry":{"type":"LineString","coordinates":[[113.9313421,22.5180781],[113.9312772,22.5180804],[113.9312051,22.5180765],[113.9311701,22.5180668],[113.9311444,22.51805],[113.9311293,22.5180283],[113.9310973,22.517919],[113.9310952,22.5178789],[113.9311013,22.5178468],[113.9311184,22.5178085],[113.9311711,22.517743],[113.9312019,22.5176524]]},"properties":{"highway":"service","name":"","osm_id":"235290425"}},{"type":"Feature","geometry":{"type":"LineString","coordinates":[[113.9279338,22.5247064],[113.9280744,22.5246485],[113.9281772,22.5245835],[113.9282636,22.5244992],[113.92834,22.5243894],[113.9283881,22.5242731],[113.9284086,22.5241717],[113.928414,22.5240467],[113.9283573,22.5238636],[113.9283476,22.5238304],[113.9283352,22.5237709],[113.9282155,22.5233251],[113.928186,22.5232069],[113.9281777,22.5231471],[113.928174,22.5229509]]},"properties":{"highway":"primary_link","name":"","osm_id":"237756476"}},{"type":"Feature","geometry":{"type":"LineString","coordinates":[[113.9266436,22.5179923],[113.9266433,22.5180912],[113.9266416,22.5186108],[113.9264257,22.5186102],[113.9264227,22.519581]]},"properties":{"highway":"service","name":"","osm_id":"238449614"}},{"type":"Feature","geometry":{"type":"LineString","coordinates":[[113.9257227,22.5206269],[113.9256026,22.5201579],[113.9255277,22.5198497],[113.9255935,22.5197794],[113.9266032,22.5198443],[113.9273055,22.5198895],[113.9273643,22.519948],[113.9273644,22.520281],[113.9262068,22.5202002],[113.9256026,22.5201579]]},"properties":{"highway":"service","name":"","osm_id":"238550172"}},{"type":"Feature","geometry":{"type":"LineString","coordinates":[[113.9247898,22.5235099],[113.9246839,22.5233988],[113.9243282,22.5223542]]},"properties":{"highway":"footway","name":"","osm_id":"238550778"}},{"type":"Feature","geometry":{"type":"LineString","coordinates":[[113.9342814,22.5186137],[113.9341826,22.518623],[113.9340858,22.5186349]]},"properties":{"highway":"footway","name":"","osm_id":"246751226"}},{"type":"Feature","geometry":{"type":"LineString","coordinates":[[113.9343847,22.5186562],[113.9343473,22.5186599],[113.9343487,22.5186944],[113.9343505,22.5187236]]},"properties":{"highway":"footway","name":"","osm_id":"246751227"}},{"type":"Feature","geometry":{"type":"LineString","coordinates":[[113.9341721,22.5185256],[113.9341826,22.518623],[113.9341925,22.5187146],[113.9341973,22.5187592]]},"properties":{"highway":"footway","name":"","osm_id":"246751228"}},{"type":"Feature","geometry":{"type":"LineString","coordinates":[[113.9342814,22.5186137],[113.9342888,22.5187022],[113.9342919,22.5187372]]},"properties":{"highway":"footway","name":"","osm_id":"246751229"}},{"type":"Feature","geometry":{"type":"LineString","coordinates":[[113.9341721,22.5185256],[113.9340736,22.5185353]]},"properties":{"highway":"footway","name":"","osm_id":"246751230"}},{"type":"Feature","geometry":{"type":"LineString","coordinates":[[113.9341274,22.518723],[113.9341925,22.5187146],[113.9342888,22.5187022],[113.9343487,22.5186944]]},"properties":{"highway":"footway","name":"","osm_id":"246751231"}},{"type":"Feature","geometry":{"type":"LineString","coordinates":[[113.9340123,22.5184309],[113.9340166,22.518466],[113.9340204,22.5184968],[113.9340682,22.5184918],[113.9340736,22.5185353],[113.9340858,22.5186349],[113.9340925,22.5186891],[113.9340475,22.5186938],[113.9340595,22.5187913]]},"properties":{"highway":"footway","name":"","osm_id":"246751232"}},{"type":"Feature","geometry":{"type":"LineString","coordinates":[[113.9340925,22.5186891],[113.934123,22.5186858],[113.9341274,22.518723],[113.9341334,22.5187741]]},"properties":{"highway":"footway","name":"","osm_id":"246751233"}},{"type":"Feature","geometry":{"type":"LineString","coordinates":[[113.9340682,22.5184918],[113.93411,22.5184873],[113.9341042,22.5184409],[113.9341022,22.5184252]]},"properties":{"highway":"footway","name":"","osm_id":"246751234"}},{"type":"Feature","geometry":{"type":"LineString","coordinates":[[113.9309805,22.5224737],[113.9309857,22.5225137],[113.9309975,22.5226052]]},"properties":{"highway":"residential","name":"","osm_id":"246751401"}},{"type":"Feature","geometry":{"type":"LineString","coordinates":[[113.9325215,22.5236742],[113.9324873,22.5233846],[113.9323777,22.5225536],[113.9323585,22.5225125],[113.9323371,22.5224902],[113.9323214,22.5224768],[113.9322968,22.5224728],[113.9309975,22.5226052],[113.9294371,22.5227792]]},"properties":{"highway":"service","name":"","osm_id":"246751402"}},{"type":"Feature","geometry":{"type":"LineString","coordinates":[[113.9294189,22.522644],[113.9294253,22.5226927],[113.9294324,22.5227467],[113.9294371,22.5227792],[113.9296443,22.5241997]]},"properties":{"highway":"residential","name":"","osm_id":"246751405"}},{"type":"Feature","geometry":{"type":"LineString","coordinates":[[113.934789,22.5219646],[113.9347988,22.5220524],[113.9348075,22.5221392],[113.9348766,22.5228258],[113.9348954,22.5230126],[113.9348936,22.5230739],[113.9348722,22.523121],[113.9348427,22.5231532],[113.934802,22.5231789],[113.9347511,22.5231938],[113.9327796,22.5233579],[113.9327129,22.5233654]]},"properties":{"highway":"residential","name":"海德四道","osm_id":"246751406"}},{"type":"Feature","geometry":{"type":"LineString","coordinates":[[113.9330612,22.5234799],[113.9332729,22.523464],[113.9333218,22.523898],[113.9331085,22.5239169]]},"properties":{"highway":"service","name":"","osm_id":"246751408"}},{"type":"Feature","geometry":{"type":"LineString","coordinates":[[113.932466,22.5184421],[113.9324808,22.5184931],[113.9325019,22.5185686]]},"properties":{"highway":"service","name":"","osm_id":"246751975"}},{"type":"Feature","geometry":{"type":"LineString","coordinates":[[113.9309975,22.5226052],[113.9310661,22.5231432],[113.9309585,22.5233573],[113.9307948,22.5235351],[113.9307919,22.5235829],[113.9308003,22.5236125],[113.9308451,22.5236627],[113.9308907,22.5237021],[113.930938,22.5237222],[113.9310175,22.5237389],[113.9312591,22.5237321],[113.9313273,22.5237302],[113.9313716,22.523729],[113.9315915,22.5237191],[113.9318275,22.5236596],[113.9318777,22.5236287],[113.9319157,22.5235857],[113.9319339,22.523528],[113.9319395,22.523462],[113.9319339,22.5234023],[113.9319208,22.5233629],[113.9318836,22.523318],[113.9318383,22.5232731],[113.9317656,22.523237],[113.9316505,22.5231963],[113.9314793,22.5231804],[113.9311342,22.5231665],[113.9310661,22.5231432]]},"properties":{"highway":"footway","name":"","osm_id":"246751978"}},{"type":"Feature","geometry":{"type":"LineString","coordinates":[[113.9273423,22.5231236],[113.9265222,22.5233078]]},"properties":{"highway":"service","name":"","osm_id":"246751979"}},{"type":"Feature","geometry":{"type":"LineString","coordinates":[[113.9323204,22.517902],[113.9323878,22.518151],[113.9323955,22.5181797]]},"properties":{"highway":"footway","name":"","osm_id":"246751981"}},{"type":"Feature","geometry":{"type":"LineString","coordinates":[[113.9334327,22.5175674],[113.933395,22.5174423]]},"properties":{"highway":"footway","name":"","osm_id":"246751983"}},{"type":"Feature","geometry":{"type":"LineString","coordinates":[[113.9333833,22.5171498],[113.9325856,22.517343],[113.9317237,22.5175453],[113.9317834,22.517773],[113.9318546,22.5177565],[113.9326512,22.5175721],[113.9333806,22.5173943],[113.9334464,22.5173783],[113.9333833,22.5171498]]},"properties":{"highway":"footway","name":"","osm_id":"246751984"}},{"type":"Feature","geometry":{"type":"LineString","coordinates":[[113.934027,22.5180827],[113.932466,22.5184421],[113.9318825,22.518576]]},"properties":{"highway":"service","name":"","osm_id":"246751985"}},{"type":"Feature","geometry":{"type":"LineString","coordinates":[[113.9326512,22.5175721],[113.9327148,22.5178094]]},"properties":{"highway":"footway","name":"","osm_id":"246751986"}},{"type":"Feature","geometry":{"type":"LineString","coordinates":[[113.9319131,22.5179505],[113.9318716,22.5178128]]},"properties":{"highway":"footway","name":"","osm_id":"246751987"}},{"type":"Feature","geometry":{"type":"LineString","coordinates":[[113.9319743,22.5179832],[113.9319263,22.5179943],[113.9315265,22.5180798],[113.9314429,22.5180988]]},"properties":{"highway":"footway","name":"","osm_id":"246751988"}},{"type":"Feature","geometry":{"type":"LineString","coordinates":[[113.9335199,22.5176166],[113.9337372,22.5175626]]},"properties":{"highway":"footway","name":"","osm_id":"246751990"}},{"type":"Feature","geometry":{"type":"LineString","coordinates":[[113.9272805,22.5228973],[113.9272961,22.5229543],[113.9273189,22.5230379],[113.9273423,22.5231236],[113.9275348,22.5238278]]},"properties":{"highway":"residential","name":"","osm_id":"246751991"}},{"type":"Feature","geometry":{"type":"LineString","coordinates":[[113.9327519,22.523739],[113.9326804,22.5237459],[113.9326236,22.5237514],[113.9325854,22.5237542],[113.9320232,22.5238033],[113.931983,22.5238206],[113.9319535,22.5238479],[113.9319325,22.5238965],[113.93186,22.5240971],[113.9318359,22.5241244],[113.9318006,22.5241402],[113.9317202,22.5241502],[113.9313314,22.5241595],[113.9307507,22.5241733],[113.9296443,22.5241997]]},"properties":{"highway":"residential","name":"","osm_id":"246751992"}},{"type":"Feature","geometry":{"type":"LineString","coordinates":[[113.9335199,22.5176166],[113.9334525,22.5176328],[113.9327148,22.5178094],[113.9323204,22.517902],[113.9319743,22.5179832],[113.9320417,22.5182315],[113.9323878,22.518151],[113.9335941,22.5178708],[113.9335199,22.5176166]]},"properties":{"highway":"footway","name":"","osm_id":"246751994"}},{"type":"Feature","geometry":{"type":"LineString","coordinates":[[113.9331766,22.5191657],[113.933124,22.5191808],[113.9330924,22.5191957],[113.9330727,22.5192097],[113.9330594,22.5192342],[113.933054,22.5192568],[113.933054,22.5192766],[113.933053,22.5194222]]},"properties":{"highway":"service","name":"","osm_id":"246969950"}},{"type":"Feature","geometry":{"type":"LineString","coordinates":[[113.9277274,22.521926],[113.926608,22.5221731]]},"properties":{"highway":"pedestrian","name":"","osm_id":"246969951"}},{"type":"Feature","geometry":{"type":"LineString","coordinates":[[113.9289296,22.5175772],[113.9289039,22.5174866],[113.9288731,22.5173777],[113.9287944,22.5170998],[113.9287273,22.5170274],[113.9283424,22.517026]]},"properties":{"highway":"service","name":"","osm_id":"246969952"}},{"type":"Feature","geometry":{"type":"LineString","coordinates":[[113.9331766,22.5191657],[113.933268,22.5191423],[113.9335728,22.5190955]]},"properties":{"highway":"service","name":"","osm_id":"246969957"}},{"type":"Feature","geometry":{"type":"LineString","coordinates":[[113.9251584,22.523333],[113.9251377,22.5232577],[113.9250333,22.5228955]]},"properties":{"highway":"footway","name":"","osm_id":"246998954"}},{"type":"Feature","geometry":{"type":"LineString","coordinates":[[113.925248,22.5220774],[113.9252383,22.5220476],[113.9255708,22.5219489],[113.925618,22.5219485],[113.9256752,22.5219671],[113.9257245,22.5219944],[113.9257606,22.5220281],[113.925783,22.5220611],[113.9260377,22.5229787],[113.9260444,22.5230126],[113.9259777,22.5231803],[113.9259465,22.523187],[113.9251182,22.5233787],[113.925109,22.5233447],[113.9250883,22.5232686],[113.9251377,22.5232577],[113.9251894,22.5232452],[113.9254822,22.5231784],[113.9257912,22.5231111],[113.9258648,22.5229957],[113.9256525,22.5221793],[113.9253123,22.5222607],[113.9252502,22.522255],[113.9252771,22.522167],[113.925248,22.5220774]]},"properties":{"highway":"pedestrian","name":"","osm_id":"246998955"}},{"type":"Feature","geometry":{"type":"LineString","coordinates":[[113.9242124,22.519511],[113.9242061,22.5194431],[113.9241767,22.5181484]]},"properties":{"highway":"residential","name":"文心一路","osm_id":"246999413"}},{"type":"Feature","geometry":{"type":"LineString","coordinates":[[113.9348501,22.5205537],[113.934913,22.5205944],[113.9349586,22.5206357],[113.9349886,22.5206751],[113.9350056,22.5207134],[113.93505,22.5208686],[113.9351064,22.5212502],[113.9350954,22.5213205],[113.9350698,22.5213606],[113.935034,22.5213913],[113.9349684,22.5214115],[113.9348358,22.52144],[113.9348116,22.5214602],[113.9347774,22.5214804],[113.9347412,22.5214918],[113.9344003,22.5215115],[113.9343724,22.5215034],[113.9343466,22.5214774],[113.9343289,22.5214513],[113.9342891,22.5213547]]},"properties":{"highway":"service","name":"","osm_id":"249529381"}},{"type":"Feature","geometry":{"type":"LineString","coordinates":[[113.9320017,22.5206852],[113.9319646,22.5205647]]},"properties":{"highway":"steps","name":"","osm_id":"255634819"}},{"type":"Feature","geometry":{"type":"LineString","coordinates":[[113.9322904,22.5206535],[113.9322572,22.5205245]]},"properties":{"highway":"steps","name":"","osm_id":"255634824"}},{"type":"Feature","geometry":{"type":"LineString","coordinates":[[113.9272957,22.5172435],[113.9272955,22.5175868],[113.927274,22.5176338],[113.9272392,22.5176735],[113.9271855,22.5176958],[113.9271158,22.5177007],[113.9244792,22.5176314],[113.9244014,22.517614],[113.924337,22.5175793],[113.9242914,22.5175273],[113.9242565,22.5174505],[113.9242405,22.5173786],[113.9242057,22.5170087]]},"properties":{"highway":"service","name":"","osm_id":"255635889"}},{"type":"Feature","geometry":{"type":"LineString","coordinates":[[113.9275984,22.5185961],[113.9275289,22.5183127],[113.9275089,22.5182427],[113.9274802,22.5181913],[113.9274476,22.5181516],[113.9274009,22.5181228],[113.9273591,22.5180971],[113.9271793,22.5180027]]},"properties":{"highway":"primary_link","name":"","osm_id":"264651807"}},{"type":"Feature","geometry":{"type":"LineString","coordinates":[[113.9277264,22.5174747],[113.9277799,22.5176096],[113.927817,22.5176569],[113.9278594,22.5176969],[113.9279166,22.517726],[113.9280001,22.5177502],[113.9281627,22.5177577]]},"properties":{"highway":"primary_link","name":"","osm_id":"264651812"}},{"type":"Feature","geometry":{"type":"LineString","coordinates":[[113.9270945,22.5178845],[113.9272344,22.5178334],[113.9273125,22.5177943],[113.9273734,22.5177486],[113.9274266,22.517683],[113.9274705,22.5176139],[113.9275221,22.5175434],[113.9275489,22.5175056]]},"properties":{"highway":"primary_link","name":"","osm_id":"264651818"}},{"type":"Feature","geometry":{"type":"LineString","coordinates":[[113.9281827,22.5178687],[113.9280154,22.5179625],[113.9279356,22.5180362],[113.9278875,22.518094],[113.9278258,22.5181987],[113.9277573,22.5183913]]},"properties":{"highway":"primary_link","name":"","osm_id":"264651827"}},{"type":"Feature","geometry":{"type":"LineString","coordinates":[[113.9270945,22.5178845],[113.924939,22.5178426],[113.9247356,22.5178386],[113.924184,22.5178279],[113.9231164,22.5178067]]},"properties":{"highway":"secondary","name":"创业路","osm_id":"328427341"}},{"type":"Feature","geometry":{"type":"LineString","coordinates":[[113.9304611,22.5195696],[113.9304735,22.5196193]]},"properties":{"highway":"footway","name":"","osm_id":"331357786"}},{"type":"Feature","geometry":{"type":"LineString","coordinates":[[113.9303074,22.5196078],[113.9303204,22.5196559]]},"properties":{"highway":"footway","name":"","osm_id":"331357787"}},{"type":"Feature","geometry":{"type":"LineString","coordinates":[[113.9323628,22.5195294],[113.9323556,22.5194514],[113.9323541,22.5194361],[113.9323374,22.5192637],[113.9323262,22.5191495]]},"properties":{"highway":"footway","name":"","osm_id":"331357788"}},{"type":"Feature","geometry":{"type":"LineString","coordinates":[[113.9306164,22.519531],[113.930629,22.5195823]]},"properties":{"highway":"footway","name":"","osm_id":"331357789"}},{"type":"Feature","geometry":{"type":"LineString","coordinates":[[113.9301194,22.5192956],[113.9301577,22.5194385]]},"properties":{"highway":"footway","name":"","osm_id":"331357791"}},{"type":"Feature","geometry":{"type":"LineString","coordinates":[[113.9296784,22.5197643],[113.9302091,22.5196323]]},"properties":{"highway":"footway","name":"","osm_id":"331357795"}},{"type":"Feature","geometry":{"type":"LineString","coordinates":[[113.9276165,22.5177758],[113.927556,22.5177804],[113.927413,22.5177883],[113.9274155,22.5178786],[113.9274165,22.5180031],[113.9274173,22.5181065],[113.9275711,22.5181089],[113.927659,22.5181085],[113.9277468,22.5180795],[113.9278267,22.5180459],[113.9278312,22.5179637],[113.9278307,22.5178406],[113.9278301,22.5177309],[113.9277355,22.5177514],[113.9276165,22.5177758]]},"properties":{"highway":"footway","name":"","osm_id":"398284100"}},{"type":"Feature","geometry":{"type":"LineString","coordinates":[[113.927413,22.5177883],[113.9273734,22.5177486],[113.9273336,22.5177114]]},"properties":{"highway":"footway","name":"","osm_id":"398284101"}},{"type":"Feature","geometry":{"type":"LineString","coordinates":[[113.9274173,22.5181065],[113.9274009,22.5181228],[113.927356,22.5181678]]},"properties":{"highway":"footway","name":"","osm_id":"398284103"}},{"type":"Feature","geometry":{"type":"LineString","coordinates":[[113.9278267,22.5180459],[113.9278875,22.518094],[113.9279278,22.5181259],[113.9280157,22.5181954]]},"properties":{"highway":"footway","name":"","osm_id":"398284105"}},{"type":"Feature","geometry":{"type":"LineString","coordinates":[[113.9278301,22.5177309],[113.9278594,22.5176969],[113.9279183,22.5176287]]},"properties":{"highway":"footway","name":"","osm_id":"398284107"}},{"type":"Feature","geometry":{"type":"LineString","coordinates":[[113.9336682,22.5205259],[113.933661,22.5204974],[113.93352,22.5199873]]},"properties":{"highway":"footway","name":"","osm_id":"473300408"}},{"type":"Feature","geometry":{"type":"LineString","coordinates":[[113.9317918,22.5189405],[113.9318109,22.519025],[113.9318418,22.519125],[113.9319076,22.5193645],[113.9319553,22.5195249],[113.9322221,22.5205319],[113.9322552,22.5206574]]},"properties":{"highway":"footway","name":"","osm_id":"473300409"}},{"type":"Feature","geometry":{"type":"LineString","coordinates":[[113.9319076,22.5193645],[113.9319427,22.5193563],[113.9323374,22.5192637],[113.9327982,22.5191557],[113.9329687,22.5191157],[113.933051,22.5190965],[113.9330708,22.5190879]]},"properties":{"highway":"footway","name":"","osm_id":"473300410"}},{"type":"Feature","geometry":{"type":"LineString","coordinates":[[113.9328252,22.5194738],[113.9328195,22.519401],[113.9328187,22.5193919],[113.9328137,22.5193337],[113.9327982,22.5191557]]},"properties":{"highway":"footway","name":"","osm_id":"473300412"}},{"type":"Feature","geometry":{"type":"LineString","coordinates":[[113.9343733,22.5212855],[113.9343279,22.5213049],[113.9343032,22.5213334],[113.9342891,22.5213547]]},"properties":{"highway":"service","name":"","osm_id":"479397883"}},{"type":"Feature","geometry":{"type":"LineString","coordinates":[[113.9347932,22.5213283],[113.934775,22.521289],[113.9347596,22.5212716],[113.9347382,22.521258],[113.9347164,22.5212537],[113.9343733,22.5212855]]},"properties":{"highway":"service","name":"","osm_id":"479397884"}},{"type":"Feature","geometry":{"type":"LineString","coordinates":[[113.9310566,22.5209948],[113.93116,22.5217652],[113.9311701,22.5218409],[113.9312156,22.5221798],[113.9312258,22.5222558],[113.9312384,22.52235],[113.9312492,22.5224299]]},"properties":{"highway":"unclassified","name":"文心四路","osm_id":"527902615"}},{"type":"Feature","geometry":{"type":"LineString","coordinates":[[113.9287216,22.5239989],[113.9287347,22.5240872],[113.9287344,22.5241257],[113.9287267,22.5241565],[113.9287002,22.5241974],[113.9286516,22.5242284],[113.9286073,22.5242375],[113.9285577,22.5242408],[113.9285181,22.5242306],[113.9284879,22.5242077],[113.9284618,22.524172],[113.9284416,22.5241208],[113.928414,22.5240467]]},"properties":{"highway":"primary_link","name":"","osm_id":"533894244"}},{"type":"Feature","geometry":{"type":"LineString","coordinates":[[113.928979,22.5240719],[113.9289441,22.5241041],[113.9289012,22.5241512],[113.9288663,22.5242032],[113.9288449,22.5242503],[113.9288315,22.524312],[113.9288261,22.5243717],[113.9288342,22.5244212],[113.9288637,22.5245201],[113.9291319,22.5250926],[113.9291667,22.5251444],[113.929215,22.525189],[113.9292714,22.5252188],[113.9293465,22.5252485],[113.9295154,22.5253005]]},"properties":{"highway":"footway","name":"","osm_id":"533894246"}},{"type":"Feature","geometry":{"type":"LineString","coordinates":[[113.9331215,22.5241768],[113.9334253,22.5241677]]},"properties":{"highway":"steps","name":"","osm_id":"533894253"}},{"type":"Feature","geometry":{"type":"LineString","coordinates":[[113.9327723,22.5230838],[113.9328773,22.5240811],[113.9328812,22.5241235],[113.9330099,22.5241788],[113.9331215,22.5241768],[113.9335103,22.5250633],[113.9331916,22.5250664]]},"properties":{"highway":"footway","name":"","osm_id":"533894254"}},{"type":"Feature","geometry":{"type":"LineString","coordinates":[[113.9335103,22.5250633],[113.9338979,22.5250593]]},"properties":{"highway":"steps","name":"","osm_id":"533894256"}},{"type":"Feature","geometry":{"type":"LineString","coordinates":[[113.9248606,22.5249309],[113.9247855,22.5250003],[113.9247534,22.5250622],[113.9247373,22.5251366],[113.9247265,22.5252629]]},"properties":{"highway":"footway","name":"","osm_id":"533967346"}},{"type":"Feature","geometry":{"type":"LineString","coordinates":[[113.9232285,22.5216614],[113.9237162,22.5215092],[113.9239574,22.521434]]},"properties":{"highway":"footway","name":"","osm_id":"533967348"}},{"type":"Feature","geometry":{"type":"LineString","coordinates":[[113.9342068,22.5178587],[113.9342139,22.5179317],[113.9341925,22.5179986]]},"properties":{"highway":"cycleway","name":"","osm_id":"536798595"}},{"type":"Feature","geometry":{"type":"LineString","coordinates":[[113.9338467,22.5172668],[113.9339325,22.5176955],[113.9340129,22.5178862],[113.9341925,22.5179986]]},"properties":{"highway":"footway","name":"","osm_id":"536798597"}},{"type":"Feature","geometry":{"type":"LineString","coordinates":[[113.934027,22.5180827],[113.9340129,22.5178862]]},"properties":{"highway":"footway","name":"","osm_id":"536798599"}},{"type":"Feature","geometry":{"type":"LineString","coordinates":[[113.9354613,22.5219718],[113.9347988,22.5220524],[113.9342142,22.5221196],[113.9339301,22.5221522],[113.9337998,22.522165],[113.9336645,22.5221789],[113.9333645,22.5222132],[113.9327508,22.5222797],[113.9325926,22.5222969],[113.9325175,22.5223051]]},"properties":{"highway":"secondary","name":"海德三道","osm_id":"558786343"}},{"type":"Feature","geometry":{"type":"LineString","coordinates":[[113.9325774,22.5222139],[113.932735,22.5221962],[113.9336518,22.522094],[113.9337893,22.5220765],[113.9339197,22.5220639],[113.9343294,22.5220171],[113.934789,22.5219646],[113.9353852,22.5218946],[113.9356444,22.5218649],[113.9357278,22.5218548],[113.935813,22.5218419],[113.9359587,22.5218105]]},"properties":{"highway":"secondary","name":"海德三道","osm_id":"558786344"}},{"type":"Feature","geometry":{"type":"LineString","coordinates":[[113.9280488,22.5225207],[113.9279826,22.5224575],[113.9279571,22.5224293],[113.9279326,22.5223718],[113.9278257,22.5220561],[113.9278022,22.5219716],[113.9277784,22.5218753],[113.9277535,22.5217574],[113.9277304,22.5216232],[113.9276952,22.5214126],[113.9276825,22.5213289],[113.9276542,22.5210797],[113.9276454,22.5209784],[113.9276225,22.5206093],[113.9276156,22.5204272],[113.9275974,22.5199473],[113.9275902,22.5199025],[113.9275722,22.5198401]]},"properties":{"highway":"residential","name":"","osm_id":"558786346"}},{"type":"Feature","geometry":{"type":"LineString","coordinates":[[113.9276882,22.520155],[113.9276678,22.5200307],[113.9276453,22.5199553],[113.9276262,22.5199119],[113.9276037,22.519876],[113.9275722,22.5198401],[113.9275596,22.5198272],[113.9275338,22.5198008],[113.9274739,22.519763],[113.9274221,22.5197373],[113.9272972,22.5197063]]},"properties":{"highway":"primary_link","name":"","osm_id":"558786347"}},{"type":"Feature","geometry":{"type":"LineString","coordinates":[[113.9277937,22.5192955],[113.9278463,22.5194377],[113.9278739,22.5194818],[113.9279015,22.5195212],[113.9279349,22.5195486],[113.9279468,22.5195584],[113.9280096,22.5195908]]},"properties":{"highway":"primary_link","name":"","osm_id":"558786348"}},{"type":"Feature","geometry":{"type":"LineString","coordinates":[[113.9274208,22.5196483],[113.927492,22.5196141],[113.9275329,22.5195772],[113.9275655,22.519536],[113.9275874,22.5194892],[113.9276051,22.5194447],[113.9276168,22.519388],[113.9276378,22.5192381]]},"properties":{"highway":"primary_link","name":"","osm_id":"558786349"}},{"type":"Feature","geometry":{"type":"LineString","coordinates":[[113.9275655,22.519536],[113.9275661,22.519486],[113.9275661,22.5194279],[113.9275327,22.5189614],[113.9275358,22.5188934],[113.9275483,22.5188308],[113.9275984,22.5185961]]},"properties":{"highway":"primary_link","name":"","osm_id":"558786350"}},{"type":"Feature","geometry":{"type":"LineString","coordinates":[[113.9343801,22.517322],[113.9345192,22.5177176],[113.9346029,22.5179524],[113.9346199,22.5179993],[113.9346463,22.518075],[113.9346706,22.5181448],[113.9347092,22.518249],[113.9347982,22.5185004],[113.935454,22.5202915],[113.9355604,22.5206055],[113.9358298,22.5213985],[113.9359215,22.5216995],[113.935935,22.5217397],[113.9359587,22.5218105],[113.9359891,22.5219002]]},"properties":{"highway":"secondary","name":"后海滨路","osm_id":"580215524"}},{"type":"Feature","geometry":{"type":"LineString","coordinates":[[113.9241185,22.5170097],[113.9241786,22.5177217],[113.924184,22.5178279]]},"properties":{"highway":"tertiary","name":"南商路","osm_id":"580915682"}},{"type":"Feature","geometry":{"type":"LineString","coordinates":[[113.9249399,22.5181808],[113.9247919,22.5181797],[113.9244464,22.5181771],[113.9241767,22.5181484],[113.9237831,22.518109]]},"properties":{"highway":"service","name":"","osm_id":"671170616"}},{"type":"Feature","geometry":{"type":"LineString","coordinates":[[113.9343581,22.5184044],[113.9343935,22.5183492],[113.9344157,22.5183157]]},"properties":{"highway":"footway","name":"","osm_id":"775709312"}},{"type":"Feature","geometry":{"type":"LineString","coordinates":[[113.9322985,22.5188798],[113.9322862,22.5187725]]},"properties":{"highway":"footway","name":"","osm_id":"775709313"}},{"type":"Feature","geometry":{"type":"LineString","coordinates":[[113.9323262,22.5191495],[113.9322985,22.5188798]]},"properties":{"highway":"footway","name":"","osm_id":"775709314"}},{"type":"Feature","geometry":{"type":"LineString","coordinates":[[113.9346064,22.518609],[113.934514,22.5184377],[113.9344557,22.5183902],[113.9343935,22.5183492],[113.9343179,22.5183248],[113.9342128,22.5183061],[113.9340984,22.5182953],[113.933981,22.5183003]]},"properties":{"highway":"secondary_link","name":"","osm_id":"775709315"}},{"type":"Feature","geometry":{"type":"LineString","coordinates":[[113.9341166,22.5182011],[113.9341614,22.5181724],[113.9342222,22.5181055],[113.9342661,22.5180392],[113.9342899,22.5179653],[113.9343039,22.5178725],[113.9342799,22.5176783]]},"properties":{"highway":"secondary_link","name":"","osm_id":"775709316"}},{"type":"Feature","geometry":{"type":"LineString","coordinates":[[113.9341925,22.5179986],[113.9342661,22.5180392],[113.9343222,22.5180709]]},"properties":{"highway":"footway","name":"","osm_id":"775709317"}},{"type":"Feature","geometry":{"type":"LineString","coordinates":[[113.9344157,22.5183157],[113.9345054,22.5182972],[113.9347092,22.518249],[113.9348106,22.518222],[113.9347714,22.5181202],[113.934747,22.5180502],[113.9347195,22.5179718],[113.9346199,22.5179993],[113.9344163,22.5180499],[113.9343222,22.5180709],[113.9343503,22.5181465],[113.9343757,22.5182143],[113.9344157,22.5183157]]},"properties":{"highway":"footway","name":"","osm_id":"775709318"}},{"type":"Feature","geometry":{"type":"LineString","coordinates":[[113.9345192,22.5177176],[113.9346222,22.5178397],[113.9346775,22.5179053],[113.9347338,22.517949],[113.9348042,22.5179901],[113.9348956,22.5180137],[113.9349259,22.5180216],[113.9350131,22.5180311],[113.9351417,22.5180298]]},"properties":{"highway":"secondary_link","name":"","osm_id":"775709319"}},{"type":"Feature","geometry":{"type":"LineString","coordinates":[[113.9351417,22.5180298],[113.935033,22.5180621],[113.9349603,22.5181197],[113.9349088,22.5181773],[113.9348567,22.5182354],[113.9348282,22.518301],[113.9348067,22.5183954],[113.9347982,22.5185004]]},"properties":{"highway":"secondary_link","name":"","osm_id":"775709320"}},{"type":"Feature","geometry":{"type":"LineString","coordinates":[[113.9348106,22.518222],[113.9348567,22.5182354],[113.9349572,22.5182714]]},"properties":{"highway":"footway","name":"","osm_id":"775709321"}},{"type":"Feature","geometry":{"type":"LineString","coordinates":[[113.9347195,22.5179718],[113.9347338,22.517949],[113.9348045,22.5178358]]},"properties":{"highway":"footway","name":"","osm_id":"775709322"}},{"type":"Feature","geometry":{"type":"LineString","coordinates":[[113.9281599,22.5212246],[113.9283438,22.5212034],[113.9285481,22.5211798],[113.9286488,22.5211682],[113.9287426,22.5211573],[113.9288524,22.5210779],[113.9291785,22.521041],[113.9292114,22.5210373],[113.9294089,22.5210149],[113.9295354,22.521068],[113.9296308,22.5210574],[113.9299449,22.5210227],[113.9308068,22.5209248],[113.9309042,22.5209137],[113.9309363,22.5209093],[113.9311799,22.5208824],[113.9312945,22.5208694],[113.9313661,22.5208614],[113.9313714,22.5208401],[113.9313847,22.5208164],[113.9314072,22.5207998],[113.9314307,22.5207883],[113.9314556,22.5207794],[113.9314845,22.5207726],[113.9315064,22.5207699],[113.93171,22.5207471],[113.9317791,22.520765],[113.9318272,22.520777],[113.9318647,22.5207848],[113.9318983,22.5207895],[113.9319241,22.5207906],[113.9319526,22.5207904],[113.9319681,22.5207891],[113.9320297,22.5207822],[113.9323146,22.5207477],[113.9328851,22.5206834],[113.9335524,22.5206027],[113.9337991,22.5205742],[113.9338496,22.5205158],[113.9342078,22.5204754],[113.9345022,22.5204422],[113.9345706,22.520487],[113.9349248,22.520447],[113.9350165,22.5204359]]},"properties":{"highway":"pedestrian","name":"深圳湾大街","osm_id":"775709323"}},{"type":"Feature","geometry":{"type":"LineString","coordinates":[[113.9314072,22.5207998],[113.9314007,22.520755]]},"properties":{"highway":"pedestrian","name":"","osm_id":"775709324"}},{"type":"Feature","geometry":{"type":"LineString","coordinates":[[113.9313211,22.5201952],[113.9311259,22.5202179]]},"properties":{"highway":"footway","name":"","osm_id":"775709328"}},{"type":"Feature","geometry":{"type":"LineString","coordinates":[[113.9319553,22.5195249],[113.9319883,22.5195176],[113.9323541,22.5194361],[113.9327513,22.5193476],[113.9328137,22.5193337],[113.9329503,22.5193044],[113.9329687,22.5191157]]},"properties":{"highway":"footway","name":"","osm_id":"775709339"}},{"type":"Feature","geometry":{"type":"LineString","coordinates":[[113.9341022,22.5184252],[113.9340946,22.5183688]]},"properties":{"highway":"footway","name":"","osm_id":"775709340"}},{"type":"Feature","geometry":{"type":"LineString","coordinates":[[113.9340123,22.5184309],[113.9340064,22.5183892]]},"properties":{"highway":"footway","name":"","osm_id":"775709341"}},{"type":"Feature","geometry":{"type":"LineString","coordinates":[[113.9346732,22.5192244],[113.934459,22.5192919]]},"properties":{"highway":"footway","name":"","osm_id":"775709342"}},{"type":"Feature","geometry":{"type":"LineString","coordinates":[[113.9299286,22.5209058],[113.9299449,22.5210227],[113.9299548,22.5211177]]},"properties":{"highway":"footway","name":"","osm_id":"775709343"}},{"type":"Feature","geometry":{"type":"LineString","coordinates":[[113.9295803,22.520171],[113.9295217,22.5201775],[113.9294422,22.5201879],[113.9294141,22.5201914],[113.9289409,22.5202502],[113.9289052,22.5202504],[113.9288768,22.5202471],[113.9288476,22.5202365],[113.9288238,22.5202226],[113.9288016,22.5202071],[113.9287839,22.5201948],[113.9287645,22.5201834],[113.9287388,22.5201735],[113.9287052,22.5201637],[113.9286645,22.5201547],[113.9286008,22.5201498],[113.9284813,22.5201539],[113.9283673,22.520167],[113.9283198,22.520177],[113.928279,22.52019],[113.9282376,22.520208],[113.9282014,22.5202314],[113.9281785,22.5202543],[113.9281622,22.52028],[113.9281505,22.5203123],[113.9281457,22.5203485],[113.9281455,22.5203847],[113.928147,22.5204216],[113.9281819,22.5207408],[113.9281899,22.5207771],[113.9282002,22.5208093],[113.9282162,22.5208426],[113.9282346,22.5208683],[113.9282548,22.5208891],[113.9282827,22.5209099],[113.9283081,22.5209244]]},"properties":{"highway":"service","name":"","osm_id":"775709344"}},{"type":"Feature","geometry":{"type":"LineString","coordinates":[[113.9281622,22.52028],[113.9280068,22.5202914],[113.927931,22.5202981]]},"properties":{"highway":"service","name":"","osm_id":"775709345"}},{"type":"Feature","geometry":{"type":"LineString","coordinates":[[113.9294141,22.5201914],[113.9294622,22.5205269],[113.9294653,22.520571],[113.9294636,22.5206045],[113.9294565,22.5206372]]},"properties":{"highway":"service","name":"","osm_id":"775709346"}},{"type":"Feature","geometry":{"type":"LineString","coordinates":[[113.9294422,22.5201879],[113.9293993,22.5198665]]},"properties":{"highway":"service","name":"","osm_id":"775709347"}},{"type":"Feature","geometry":{"type":"LineString","coordinates":[[113.9323566,22.5216258],[113.9323153,22.5216306],[113.9312532,22.5217546],[113.93116,22.5217652],[113.9310729,22.5217761],[113.9299569,22.5219054],[113.9298772,22.5219147],[113.9298141,22.5219216],[113.9297732,22.5219261],[113.9285639,22.5220538],[113.9282657,22.5220898],[113.9281736,22.5221026]]},"properties":{"highway":"service","name":"","osm_id":"775709348"}},{"type":"Feature","geometry":{"type":"LineString","coordinates":[[113.9348358,22.52144],[113.9347932,22.5213283]]},"properties":{"highway":"service","name":"","osm_id":"775709349"}},{"type":"Feature","geometry":{"type":"LineString","coordinates":[[113.9352236,22.5212134],[113.9353186,22.5214679],[113.9354558,22.5214249]]},"properties":{"highway":"footway","name":"","osm_id":"775709350"}},{"type":"Feature","geometry":{"type":"LineString","coordinates":[[113.9266032,22.5198443],[113.9266111,22.519748],[113.9266183,22.5196606]]},"properties":{"highway":"service","name":"","osm_id":"775709351"}},{"type":"Feature","geometry":{"type":"LineString","coordinates":[[113.9262433,22.5229315],[113.9259862,22.5219708],[113.925862,22.5215085],[113.9253978,22.519781],[113.9255125,22.5196789],[113.9266111,22.519748],[113.9274066,22.5197981],[113.9274833,22.5198926],[113.9274991,22.5199119],[113.9275131,22.5204039],[113.9275212,22.5206857],[113.9275667,22.5211263],[113.9276221,22.5214449],[113.9276476,22.5215919],[113.9277274,22.521926],[113.9277767,22.5221325],[113.9278792,22.5225489],[113.9277696,22.5227056],[113.9263803,22.5230163],[113.9262433,22.5229315]]},"properties":{"highway":"footway","name":"","osm_id":"775709352"}},{"type":"Feature","geometry":{"type":"LineString","coordinates":[[113.9254041,22.5207157],[113.9251564,22.5197383],[113.9250345,22.5196331],[113.9242372,22.5195971],[113.9232676,22.5199142],[113.9231934,22.5199375],[113.9235345,22.5208159],[113.9235917,22.5209568],[113.9237458,22.5213436]]},"properties":{"highway":"footway","name":"","osm_id":"775709353"}},{"type":"Feature","geometry":{"type":"LineString","coordinates":[[113.9256248,22.5219728],[113.925618,22.5219485],[113.925595,22.5218657],[113.9255725,22.5217837],[113.9255548,22.5217212]]},"properties":{"highway":"footway","name":"","osm_id":"775709354"}},{"type":"Feature","geometry":{"type":"LineString","coordinates":[[113.925745,22.5220326],[113.9257606,22.5220281],[113.9258292,22.5220113],[113.9258952,22.5219941],[113.9259862,22.5219708]]},"properties":{"highway":"footway","name":"","osm_id":"775709355"}},{"type":"Feature","geometry":{"type":"LineString","coordinates":[[113.9256199,22.5215672],[113.9257056,22.5215466],[113.9257727,22.5215301],[113.925862,22.5215085]]},"properties":{"highway":"footway","name":"","osm_id":"775709356"}},{"type":"Feature","geometry":{"type":"LineString","coordinates":[[113.9259862,22.5219708],[113.9261159,22.5217925],[113.9265928,22.5216825],[113.9271725,22.5215487],[113.9276221,22.5214449]]},"properties":{"highway":"footway","name":"","osm_id":"775709357"}},{"type":"Feature","geometry":{"type":"LineString","coordinates":[[113.925862,22.5215085],[113.9260426,22.521468],[113.9265216,22.5213606],[113.9271131,22.521228],[113.9275667,22.5211263]]},"properties":{"highway":"footway","name":"","osm_id":"775709358"}},{"type":"Feature","geometry":{"type":"LineString","coordinates":[[113.925862,22.5215085],[113.9261743,22.5210546]]},"properties":{"highway":"footway","name":"","osm_id":"775709359"}},{"type":"Feature","geometry":{"type":"LineString","coordinates":[[113.9262498,22.5209535],[113.926354,22.5208143],[113.9262068,22.5202002]]},"properties":{"highway":"footway","name":"","osm_id":"775709360"}},{"type":"Feature","geometry":{"type":"LineString","coordinates":[[113.9261743,22.5210546],[113.9262498,22.5209535]]},"properties":{"highway":"footway","name":"","osm_id":"775709361"}},{"type":"Feature","geometry":{"type":"LineString","coordinates":[[113.9271725,22.5215487],[113.9271408,22.5213774],[113.9271131,22.521228]]},"properties":{"highway":"footway","name":"","osm_id":"775709362"}},{"type":"Feature","geometry":{"type":"LineString","coordinates":[[113.9265928,22.5216825],[113.9265216,22.5213606]]},"properties":{"highway":"footway","name":"","osm_id":"775709363"}},{"type":"Feature","geometry":{"type":"LineString","coordinates":[[113.9261159,22.5217925],[113.9260426,22.521468]]},"properties":{"highway":"footway","name":"","osm_id":"775709364"}},{"type":"Feature","geometry":{"type":"LineString","coordinates":[[113.9272148,22.5213328],[113.9271408,22.5213774]]},"properties":{"highway":"footway","name":"","osm_id":"775709365"}},{"type":"Feature","geometry":{"type":"LineString","coordinates":[[113.9271408,22.5213774],[113.927224,22.521391],[113.9274212,22.5213653]]},"properties":{"highway":"footway","name":"","osm_id":"775709366"}},{"type":"Feature","geometry":{"type":"LineString","coordinates":[[113.9274212,22.5213653],[113.9274115,22.5213052]]},"properties":{"highway":"footway","name":"","osm_id":"775709367"}},{"type":"Feature","geometry":{"type":"LineString","coordinates":[[113.9275131,22.5204039],[113.9273484,22.5204054]]},"properties":{"highway":"steps","name":"","osm_id":"775709368"}},{"type":"Feature","geometry":{"type":"LineString","coordinates":[[113.9275827,22.5198073],[113.9276721,22.5198037],[113.9278191,22.5197973],[113.9279131,22.5197943],[113.9279058,22.5196834],[113.9279013,22.5196145],[113.9278991,22.5195819],[113.9278061,22.5195886],[113.9276609,22.5195984],[113.9275722,22.5196045],[113.9275746,22.5196515],[113.9275781,22.5197182],[113.9275827,22.5198073]]},"properties":{"highway":"footway","name":"","osm_id":"775709369"}},{"type":"Feature","geometry":{"type":"LineString","coordinates":[[113.9274833,22.5198926],[113.9275596,22.5198272],[113.9275827,22.5198073]]},"properties":{"highway":"footway","name":"","osm_id":"775709370"}},{"type":"Feature","geometry":{"type":"LineString","coordinates":[[113.9279131,22.5197943],[113.9279493,22.5198232],[113.9279911,22.5198565]]},"properties":{"highway":"footway","name":"","osm_id":"775709371"}},{"type":"Feature","geometry":{"type":"LineString","coordinates":[[113.9275722,22.5196045],[113.9275329,22.5195772],[113.9274631,22.5195288]]},"properties":{"highway":"footway","name":"","osm_id":"775709372"}},{"type":"Feature","geometry":{"type":"LineString","coordinates":[[113.9278991,22.5195819],[113.9279349,22.5195486],[113.9279839,22.5195029]]},"properties":{"highway":"footway","name":"","osm_id":"775709373"}},{"type":"Feature","geometry":{"type":"LineString","coordinates":[[113.9314309,22.5187396],[113.9308985,22.5188693],[113.9306243,22.5189365],[113.9302033,22.5190389],[113.9295953,22.5191725],[113.929318,22.519236],[113.9280977,22.5195211],[113.9279839,22.5195029],[113.9279426,22.5189815],[113.9278839,22.5182411],[113.9278963,22.5181912],[113.9279278,22.5181259],[113.9280382,22.5180164],[113.9285395,22.5178636],[113.9297239,22.5175776],[113.9306874,22.5173306],[113.930872,22.5173025],[113.9309127,22.5172991],[113.9309439,22.5173002],[113.9309784,22.5173216],[113.9310154,22.5173502],[113.9310377,22.5173888],[113.9310921,22.517569],[113.9311711,22.517743],[113.9312772,22.5180804],[113.9314425,22.5186327],[113.9314525,22.5186711],[113.931453,22.5187053]]},"properties":{"highway":"footway","name":"","osm_id":"775709374"}},{"type":"Feature","geometry":{"type":"LineString","coordinates":[[113.9313559,22.5171495],[113.9313336,22.5171562],[113.9313001,22.5171816],[113.9312826,22.5172109],[113.9312782,22.5172409],[113.9312795,22.5172745],[113.9312895,22.5173181],[113.9315265,22.5180798],[113.9317036,22.5186408],[113.9317572,22.518665],[113.9324808,22.5184931],[113.9331082,22.5183509],[113.9340743,22.5181257],[113.9341154,22.5181006],[113.9341616,22.5180541],[113.9341925,22.5179986]]},"properties":{"highway":"footway","name":"","osm_id":"775709375"}},{"type":"Feature","geometry":{"type":"LineString","coordinates":[[113.931453,22.5187053],[113.9315364,22.5186841],[113.9316187,22.518663],[113.9317036,22.5186408]]},"properties":{"highway":"footway","name":"","osm_id":"775709376"}},{"type":"Feature","geometry":{"type":"LineString","coordinates":[[113.9329326,22.518651],[113.9330333,22.5186411],[113.9331265,22.518634]]},"properties":{"highway":"footway","name":"","osm_id":"775709377"}},{"type":"Feature","geometry":{"type":"LineString","coordinates":[[113.9338687,22.5219482],[113.9337759,22.521963],[113.9336991,22.5219753]]},"properties":{"highway":"footway","name":"","osm_id":"775709378"}},{"type":"Feature","geometry":{"type":"LineString","coordinates":[[113.9329326,22.518651],[113.9330708,22.5190879],[113.9330924,22.5191957],[113.9333369,22.5199533],[113.9333533,22.5200077]]},"properties":{"highway":"footway","name":"","osm_id":"775709379"}},{"type":"Feature","geometry":{"type":"LineString","coordinates":[[113.9324446,22.5220889],[113.9323821,22.5221478],[113.9313453,22.5222696],[113.9313163,22.5222439]]},"properties":{"highway":"footway","name":"","osm_id":"775709380"}},{"type":"Feature","geometry":{"type":"LineString","coordinates":[[113.9326287,22.5220699],[113.9325524,22.5220777],[113.9324761,22.5220856],[113.9324446,22.5220889]]},"properties":{"highway":"footway","name":"","osm_id":"775709381"}},{"type":"Feature","geometry":{"type":"LineString","coordinates":[[113.93352,22.5199873],[113.9334808,22.5198645],[113.9334705,22.5198282],[113.9333864,22.5195887],[113.9333491,22.5194572],[113.9333098,22.5192837],[113.933268,22.5191423],[113.9332453,22.5190516],[113.9331265,22.518634]]},"properties":{"highway":"footway","name":"","osm_id":"775709383"}},{"type":"Feature","geometry":{"type":"LineString","coordinates":[[113.9333533,22.5200077],[113.933478,22.5205178],[113.9334837,22.520546]]},"properties":{"highway":"footway","name":"","osm_id":"775709384"}},{"type":"Feature","geometry":{"type":"LineString","coordinates":[[113.9350326,22.5202843],[113.9350268,22.5203157],[113.9350112,22.5203401]]},"properties":{"highway":"footway","name":"","osm_id":"775709385"}},{"type":"Feature","geometry":{"type":"LineString","coordinates":[[113.9351098,22.5205231],[113.9350277,22.5205066]]},"properties":{"highway":"footway","name":"","osm_id":"775709386"}},{"type":"Feature","geometry":{"type":"LineString","coordinates":[[113.9281679,22.5212843],[113.928097,22.5213073]]},"properties":{"highway":"footway","name":"","osm_id":"775709387"}},{"type":"Feature","geometry":{"type":"LineString","coordinates":[[113.9281523,22.5211682],[113.9280807,22.5211592]]},"properties":{"highway":"footway","name":"","osm_id":"775709388"}},{"type":"Feature","geometry":{"type":"LineString","coordinates":[[113.9350277,22.5205066],[113.9348031,22.5205305],[113.9336946,22.5206565]]},"properties":{"highway":"footway","name":"","osm_id":"775709389"}},{"type":"Feature","geometry":{"type":"LineString","coordinates":[[113.9349129,22.5203504],[113.9348814,22.5200878]]},"properties":{"highway":"steps","name":"","osm_id":"775709390"}},{"type":"Feature","geometry":{"type":"LineString","coordinates":[[113.9349248,22.520447],[113.9349129,22.5203504]]},"properties":{"highway":"footway","name":"","osm_id":"775709391"}},{"type":"Feature","geometry":{"type":"LineString","coordinates":[[113.9334808,22.5198645],[113.9338435,22.5198318],[113.9339579,22.5198215],[113.9345702,22.5196343],[113.9347957,22.5195654]]},"properties":{"highway":"footway","name":"","osm_id":"775709393"}},{"type":"Feature","geometry":{"type":"LineString","coordinates":[[113.9335524,22.5206027],[113.9333785,22.5199486]]},"properties":{"highway":"footway","name":"","osm_id":"775709394"}},{"type":"Feature","geometry":{"type":"LineString","coordinates":[[113.9333369,22.5199533],[113.9333785,22.5199486],[113.9336787,22.5199142]]},"properties":{"highway":"footway","name":"","osm_id":"775709396"}},{"type":"Feature","geometry":{"type":"LineString","coordinates":[[113.9336787,22.5199142],[113.9338508,22.5198946]]},"properties":{"highway":"steps","name":"","osm_id":"775709397"}},{"type":"Feature","geometry":{"type":"LineString","coordinates":[[113.9338508,22.5198946],[113.9338435,22.5198318]]},"properties":{"highway":"footway","name":"","osm_id":"775709398"}},{"type":"Feature","geometry":{"type":"LineString","coordinates":[[113.9315554,22.5189942],[113.9316893,22.5194197],[113.931767,22.5197351],[113.9319476,22.5203852],[113.9319832,22.5204677],[113.9320115,22.5205565],[113.9320486,22.5206802]]},"properties":{"highway":"footway","name":"","osm_id":"775709399"}},{"type":"Feature","geometry":{"type":"LineString","coordinates":[[113.9326287,22.5220699],[113.932721,22.5221222],[113.9336423,22.5220306],[113.9336991,22.5219753],[113.933623,22.5214637],[113.9336105,22.5214066],[113.933506,22.5206777]]},"properties":{"highway":"footway","name":"","osm_id":"775709400"}},{"type":"Feature","geometry":{"type":"LineString","coordinates":[[113.9351098,22.5205231],[113.9351608,22.5206033],[113.9353618,22.5211717],[113.9354558,22.5214249],[113.9355357,22.5216507],[113.935538,22.5217198],[113.935496,22.5217694],[113.9354119,22.521806],[113.9339105,22.5219857],[113.9338687,22.5219482],[113.9338044,22.5214371],[113.9336946,22.5206565]]},"properties":{"highway":"footway","name":"","osm_id":"775709401"}},{"type":"Feature","geometry":{"type":"LineString","coordinates":[[113.9350326,22.5202843],[113.9350951,22.5203535],[113.9351296,22.5203951],[113.9351194,22.5204622],[113.9351098,22.5205231]]},"properties":{"highway":"footway","name":"","osm_id":"775709402"}},{"type":"Feature","geometry":{"type":"LineString","coordinates":[[113.9332453,22.5190516],[113.933278,22.5190432],[113.9338266,22.5189146],[113.9340676,22.5188581],[113.9341409,22.5188409],[113.9342054,22.5188258],[113.9342987,22.5188039],[113.9343553,22.5187907],[113.9345056,22.5187554]]},"properties":{"highway":"footway","name":"","osm_id":"775709404"}},{"type":"Feature","geometry":{"type":"LineString","coordinates":[[113.9333098,22.5192837],[113.9334127,22.5192126],[113.9335038,22.5191535],[113.9336052,22.5191046],[113.9336205,22.5190972],[113.9337267,22.5190538],[113.9338536,22.519015],[113.9338266,22.5189146]]},"properties":{"highway":"footway","name":"","osm_id":"775709405"}},{"type":"Feature","geometry":{"type":"LineString","coordinates":[[113.9340595,22.5187913],[113.9340676,22.5188581]]},"properties":{"highway":"footway","name":"","osm_id":"775709406"}},{"type":"Feature","geometry":{"type":"LineString","coordinates":[[113.9341334,22.5187741],[113.9341409,22.5188409]]},"properties":{"highway":"footway","name":"","osm_id":"775709407"}},{"type":"Feature","geometry":{"type":"LineString","coordinates":[[113.9341973,22.5187592],[113.9342054,22.5188258]]},"properties":{"highway":"footway","name":"","osm_id":"775709408"}},{"type":"Feature","geometry":{"type":"LineString","coordinates":[[113.9342919,22.5187372],[113.9342987,22.5188039]]},"properties":{"highway":"footway","name":"","osm_id":"775709409"}},{"type":"Feature","geometry":{"type":"LineString","coordinates":[[113.9343505,22.5187236],[113.9343553,22.5187907]]},"properties":{"highway":"footway","name":"","osm_id":"775709410"}},{"type":"Feature","geometry":{"type":"LineString","coordinates":[[113.9343847,22.5186562],[113.9344616,22.5186321]]},"properties":{"highway":"footway","name":"","osm_id":"775709411"}},{"type":"Feature","geometry":{"type":"LineString","coordinates":[[113.9342814,22.5186137],[113.9344372,22.518564]]},"properties":{"highway":"footway","name":"","osm_id":"775709412"}},{"type":"Feature","geometry":{"type":"LineString","coordinates":[[113.9341721,22.5185256],[113.9342064,22.5183578]]},"properties":{"highway":"footway","name":"","osm_id":"775709413"}},{"type":"Feature","geometry":{"type":"LineString","coordinates":[[113.9306243,22.5189365],[113.9306378,22.5189925],[113.9306537,22.5190587],[113.9306779,22.5191589]]},"properties":{"highway":"footway","name":"","osm_id":"775709414"}},{"type":"Feature","geometry":{"type":"LineString","coordinates":[[113.9308985,22.5188693],[113.930911,22.5189299],[113.9309247,22.5189964],[113.9309442,22.5190912]]},"properties":{"highway":"footway","name":"","osm_id":"775709415"}},{"type":"Feature","geometry":{"type":"LineString","coordinates":[[113.9315009,22.5189551],[113.9314741,22.5188725],[113.9314531,22.5188078],[113.9314309,22.5187396]]},"properties":{"highway":"footway","name":"","osm_id":"775709416"}},{"type":"Feature","geometry":{"type":"LineString","coordinates":[[113.9317572,22.518665],[113.9317755,22.5187331],[113.931793,22.5187984],[113.9318174,22.5188849]]},"properties":{"highway":"footway","name":"","osm_id":"775709417"}},{"type":"Feature","geometry":{"type":"LineString","coordinates":[[113.9331082,22.5183509],[113.9331257,22.5184257],[113.9331409,22.5184908],[113.9331656,22.5185847]]},"properties":{"highway":"footway","name":"","osm_id":"775709418"}},{"type":"Feature","geometry":{"type":"LineString","coordinates":[[113.9331265,22.518634],[113.9331656,22.5185847],[113.9340064,22.5183892],[113.9340946,22.5183688],[113.9341434,22.5183609],[113.9342064,22.5183578],[113.9342679,22.5183669],[113.9343581,22.5184044],[113.9343995,22.5184586],[113.9344372,22.518564],[113.9344616,22.5186321],[113.9344837,22.5186941],[113.9345056,22.5187554],[113.9346732,22.5192244],[113.934774,22.5195049],[113.9347957,22.5195654],[113.9349742,22.5200624],[113.9350147,22.5201752],[113.9350326,22.5202843]]},"properties":{"highway":"footway","name":"","osm_id":"775709419"}},{"type":"Feature","geometry":{"type":"LineString","coordinates":[[113.9317918,22.5189405],[113.9318174,22.5188849],[113.9319149,22.5188614],[113.9320666,22.5188248],[113.932205,22.5187914],[113.9322862,22.5187725],[113.9328581,22.5186399],[113.9329326,22.518651]]},"properties":{"highway":"footway","name":"","osm_id":"775709420"}},{"type":"Feature","geometry":{"type":"LineString","coordinates":[[113.9315554,22.5189942],[113.9316269,22.518978],[113.9317082,22.5189595],[113.9317918,22.5189405]]},"properties":{"highway":"footway","name":"","osm_id":"775709421"}},{"type":"Feature","geometry":{"type":"LineString","coordinates":[[113.9307301,22.5191817],[113.9308094,22.5191632],[113.930912,22.5191393]]},"properties":{"highway":"footway","name":"","osm_id":"775709422"}},{"type":"Feature","geometry":{"type":"LineString","coordinates":[[113.930912,22.5191393],[113.9309442,22.5190912],[113.9315009,22.5189551],[113.9315554,22.5189942]]},"properties":{"highway":"footway","name":"","osm_id":"775709423"}},{"type":"Feature","geometry":{"type":"LineString","coordinates":[[113.929633,22.5194231],[113.9296756,22.5197148],[113.9296784,22.5197643],[113.9296942,22.5198859],[113.9297086,22.5199966],[113.9297437,22.5202667],[113.9298333,22.5209552]]},"properties":{"highway":"footway","name":"","osm_id":"775709424"}},{"type":"Feature","geometry":{"type":"LineString","coordinates":[[113.9298395,22.5224264],[113.9298038,22.5224515],[113.9285533,22.5225922],[113.9284944,22.522578],[113.9284126,22.5225148],[113.9283662,22.5224516],[113.9282657,22.5220898],[113.9282455,22.5220138],[113.9281104,22.5214221],[113.9281034,22.5213594],[113.928097,22.5213073]]},"properties":{"highway":"footway","name":"","osm_id":"775709425"}},{"type":"Feature","geometry":{"type":"LineString","coordinates":[[113.9300219,22.5224048],[113.9299441,22.522414],[113.9298809,22.5224215],[113.9298395,22.5224264]]},"properties":{"highway":"footway","name":"","osm_id":"775709426"}},{"type":"Feature","geometry":{"type":"LineString","coordinates":[[113.9298395,22.5224264],[113.9297732,22.5219261],[113.9297652,22.5218655],[113.9296769,22.5212627],[113.9296605,22.5211508]]},"properties":{"highway":"footway","name":"","osm_id":"775709427"}},{"type":"Feature","geometry":{"type":"LineString","coordinates":[[113.9316893,22.5194197],[113.9316543,22.5194279],[113.9310026,22.5195802],[113.9309613,22.5195893]]},"properties":{"highway":"footway","name":"","osm_id":"775709428"}},{"type":"Feature","geometry":{"type":"LineString","coordinates":[[113.930912,22.5191393],[113.9309175,22.5192346],[113.9309613,22.5195893],[113.9309791,22.5197231]]},"properties":{"highway":"footway","name":"","osm_id":"775709429"}},{"type":"Feature","geometry":{"type":"LineString","coordinates":[[113.9307301,22.5191817],[113.9307775,22.5194909],[113.9307966,22.5196283],[113.9308126,22.5197431]]},"properties":{"highway":"footway","name":"","osm_id":"775709430"}},{"type":"Feature","geometry":{"type":"LineString","coordinates":[[113.9309712,22.5210037],[113.9309826,22.5210951],[113.931065,22.5217161],[113.9310729,22.5217761],[113.9311338,22.522267]]},"properties":{"highway":"footway","name":"","osm_id":"775709431"}},{"type":"Feature","geometry":{"type":"LineString","coordinates":[[113.9311537,22.5209836],[113.9312444,22.5216865],[113.9312532,22.5217546],[113.9313163,22.5222439]]},"properties":{"highway":"footway","name":"","osm_id":"775709432"}},{"type":"Feature","geometry":{"type":"LineString","coordinates":[[113.9308126,22.5197431],[113.9308729,22.5202029],[113.9309332,22.5206938],[113.9309434,22.5207799],[113.930915,22.5208511]]},"properties":{"highway":"footway","name":"","osm_id":"775709433"}},{"type":"Feature","geometry":{"type":"LineString","coordinates":[[113.9309791,22.5197231],[113.9310398,22.5201829],[113.9311093,22.5207062],[113.9311196,22.5207724],[113.9311588,22.5208215]]},"properties":{"highway":"footway","name":"","osm_id":"775709434"}},{"type":"Feature","geometry":{"type":"LineString","coordinates":[[113.9307966,22.5196283],[113.9307707,22.5196344],[113.9306489,22.5196628],[113.9304935,22.5196991],[113.9303416,22.5197346],[113.9302424,22.5197578],[113.9296942,22.5198859]]},"properties":{"highway":"footway","name":"","osm_id":"775709435"}},{"type":"Feature","geometry":{"type":"LineString","coordinates":[[113.9301577,22.5194385],[113.9302044,22.5196146],[113.9302091,22.5196323],[113.9302216,22.5196794]]},"properties":{"highway":"footway","name":"","osm_id":"775709436"}},{"type":"Feature","geometry":{"type":"LineString","coordinates":[[113.9303204,22.5196559],[113.9303416,22.5197346]]},"properties":{"highway":"footway","name":"","osm_id":"775709437"}},{"type":"Feature","geometry":{"type":"LineString","coordinates":[[113.9304735,22.5196193],[113.9304935,22.5196991]]},"properties":{"highway":"footway","name":"","osm_id":"775709438"}},{"type":"Feature","geometry":{"type":"LineString","coordinates":[[113.9307536,22.5194968],[113.9307775,22.5194909]]},"properties":{"highway":"footway","name":"","osm_id":"775709439"}},{"type":"Feature","geometry":{"type":"LineString","coordinates":[[113.930629,22.5195823],[113.9306489,22.5196628]]},"properties":{"highway":"footway","name":"","osm_id":"775709440"}},{"type":"Feature","geometry":{"type":"LineString","coordinates":[[113.9302216,22.5196794],[113.9302424,22.5197578]]},"properties":{"highway":"footway","name":"","osm_id":"775709441"}},{"type":"Feature","geometry":{"type":"LineString","coordinates":[[113.9302091,22.5196323],[113.9303074,22.5196078],[113.9304611,22.5195696],[113.9306164,22.519531],[113.9307536,22.5194968]]},"properties":{"highway":"footway","name":"","osm_id":"775709442"}},{"type":"Feature","geometry":{"type":"LineString","coordinates":[[113.9293763,22.519448],[113.9293497,22.5193511],[113.9293315,22.519285],[113.929318,22.519236]]},"properties":{"highway":"footway","name":"","osm_id":"775709443"}},{"type":"Feature","geometry":{"type":"LineString","coordinates":[[113.9296561,22.5194003],[113.929627,22.5192872],[113.9296087,22.519221],[113.9295953,22.5191725]]},"properties":{"highway":"footway","name":"","osm_id":"775709444"}},{"type":"Feature","geometry":{"type":"LineString","coordinates":[[113.9283511,22.5210885],[113.928193,22.5211054]]},"properties":{"highway":"steps","name":"","osm_id":"775709445"}},{"type":"Feature","geometry":{"type":"LineString","coordinates":[[113.928193,22.5211054],[113.9280765,22.5211179]]},"properties":{"highway":"footway","name":"","osm_id":"775709446"}},{"type":"Feature","geometry":{"type":"LineString","coordinates":[[113.928484,22.52075],[113.9285481,22.5211798]]},"properties":{"highway":"footway","name":"","osm_id":"775709447"}},{"type":"Feature","geometry":{"type":"LineString","coordinates":[[113.9292042,22.5209869],[113.9292114,22.5210373]]},"properties":{"highway":"footway","name":"","osm_id":"775709448"}},{"type":"Feature","geometry":{"type":"LineString","coordinates":[[113.9296375,22.5209778],[113.9296361,22.5209676],[113.9295217,22.5201775],[113.9294272,22.5194534]]},"properties":{"highway":"footway","name":"","osm_id":"775709453"}},{"type":"Feature","geometry":{"type":"LineString","coordinates":[[113.9296556,22.5211142],[113.9296512,22.5210812],[113.9296439,22.5210261],[113.9296403,22.5209983]]},"properties":{"highway":"footway","name":"","osm_id":"775709454"}},{"type":"Feature","geometry":{"type":"LineString","coordinates":[[113.9298558,22.5211287],[113.9299491,22.5218452],[113.9299569,22.5219054],[113.9300219,22.5224048]]},"properties":{"highway":"footway","name":"","osm_id":"775709455"}},{"type":"Feature","geometry":{"type":"LineString","coordinates":[[113.9298358,22.5209756],[113.9298394,22.5210035],[113.9298466,22.5210586],[113.9298509,22.5210916]]},"properties":{"highway":"footway","name":"","osm_id":"775709456"}},{"type":"Feature","geometry":{"type":"LineString","coordinates":[[113.9296579,22.5202761],[113.9297437,22.5202667],[113.9297894,22.5202614]]},"properties":{"highway":"service","name":"","osm_id":"775709457"}},{"type":"Feature","geometry":{"type":"LineString","coordinates":[[113.9320017,22.5206852],[113.9320297,22.5207822]]},"properties":{"highway":"footway","name":"","osm_id":"775709458"}},{"type":"Feature","geometry":{"type":"LineString","coordinates":[[113.9322904,22.5206535],[113.9323146,22.5207477]]},"properties":{"highway":"footway","name":"","osm_id":"775709459"}},{"type":"Feature","geometry":{"type":"LineString","coordinates":[[113.9334837,22.520546],[113.9322649,22.5206919]]},"properties":{"highway":"footway","name":"","osm_id":"775709460"}},{"type":"Feature","geometry":{"type":"LineString","coordinates":[[113.9323037,22.5208503],[113.9325075,22.5216001],[113.9326287,22.5220699]]},"properties":{"highway":"footway","name":"","osm_id":"775709461"}},{"type":"Feature","geometry":{"type":"LineString","coordinates":[[113.9321044,22.5208732],[113.9322954,22.5215685],[113.9323153,22.5216306],[113.9324446,22.5220889]]},"properties":{"highway":"footway","name":"","osm_id":"775709462"}},{"type":"Feature","geometry":{"type":"LineString","coordinates":[[113.9322649,22.5206919],[113.9322724,22.5207229],[113.9322858,22.5207768],[113.9322945,22.5208117]]},"properties":{"highway":"footway","name":"","osm_id":"775709463"}},{"type":"Feature","geometry":{"type":"LineString","coordinates":[[113.9320599,22.5207164],[113.9320706,22.520746],[113.932084,22.5207999],[113.9320936,22.5208347]]},"properties":{"highway":"footway","name":"","osm_id":"775709464"}},{"type":"Feature","geometry":{"type":"LineString","coordinates":[[113.9319646,22.5205647],[113.9320115,22.5205565]]},"properties":{"highway":"footway","name":"","osm_id":"775709465"}},{"type":"Feature","geometry":{"type":"LineString","coordinates":[[113.9322221,22.5205319],[113.9322572,22.5205245]]},"properties":{"highway":"footway","name":"","osm_id":"775709466"}},{"type":"Feature","geometry":{"type":"LineString","coordinates":[[113.9287724,22.5238577],[113.9287409,22.5237411],[113.9285134,22.5228985],[113.9285876,22.522784],[113.9289789,22.5227414],[113.9294253,22.5226927],[113.9298347,22.5226457],[113.9301015,22.5226151],[113.9309857,22.5225137],[113.9311183,22.5224841],[113.9313719,22.5224553],[113.9324217,22.5223506],[113.9324849,22.5223933],[113.9325619,22.5230742],[113.9325832,22.5232629],[113.9325855,22.523283],[113.9325716,22.5233139],[113.9325787,22.5233768],[113.9326236,22.5237514],[113.9326373,22.5238911],[113.9326576,22.5240921],[113.9326443,22.5241417],[113.9325809,22.524195],[113.9297273,22.524274],[113.929392,22.5242789],[113.9292659,22.5242641],[113.9291613,22.5242442],[113.9290984,22.5242194],[113.9290674,22.5242071],[113.9289816,22.524155],[113.9289156,22.5240931],[113.9288523,22.5240194],[113.9288214,22.5239651],[113.9288062,22.5239384],[113.9287724,22.5238577]]},"properties":{"highway":"footway","name":"","osm_id":"775709467"}},{"type":"Feature","geometry":{"type":"LineString","coordinates":[[113.9324849,22.5223933],[113.9325331,22.5223881],[113.9326078,22.5223802],[113.9326904,22.5223701]]},"properties":{"highway":"footway","name":"","osm_id":"775709468"}},{"type":"Feature","geometry":{"type":"LineString","coordinates":[[113.9326904,22.5223701],[113.9327575,22.5223155],[113.9330052,22.5222917],[113.9333614,22.5222574],[113.9336718,22.5222283],[113.9339361,22.522204],[113.9346483,22.5221357],[113.9347171,22.5221475],[113.9348075,22.5221392],[113.9356054,22.5220529],[113.9356329,22.5220537],[113.9357055,22.5221159],[113.9359412,22.5239645],[113.9358222,22.5240402],[113.9356435,22.5241024],[113.9354205,22.5241236],[113.9339976,22.5241561],[113.9334436,22.524179],[113.932998,22.5241915],[113.932859,22.5241301],[113.9328045,22.5236028],[113.932795,22.5234997],[113.9327796,22.5233579],[113.9327701,22.5232663],[113.9327678,22.5232441],[113.9327474,22.5230546],[113.9327534,22.522974],[113.9326904,22.5223701]]},"properties":{"highway":"footway","name":"","osm_id":"775709469"}},{"type":"Feature","geometry":{"type":"LineString","coordinates":[[113.9327575,22.5223155],[113.9327508,22.5222797],[113.932735,22.5221962],[113.932721,22.5221222]]},"properties":{"highway":"footway","name":"","osm_id":"775709470"}},{"type":"Feature","geometry":{"type":"LineString","coordinates":[[113.9324217,22.5223506],[113.932415,22.5223163],[113.9323989,22.522234],[113.9323821,22.5221478]]},"properties":{"highway":"footway","name":"","osm_id":"775709471"}},{"type":"Feature","geometry":{"type":"LineString","coordinates":[[113.9298038,22.5224515],[113.9298154,22.5225245],[113.9298273,22.5225995],[113.9298347,22.5226457]]},"properties":{"highway":"footway","name":"","osm_id":"775709475"}},{"type":"Feature","geometry":{"type":"LineString","coordinates":[[113.9300758,22.5224253],[113.9300851,22.5224942],[113.9300954,22.5225703],[113.9301015,22.5226151]]},"properties":{"highway":"footway","name":"","osm_id":"775709476"}},{"type":"Feature","geometry":{"type":"LineString","coordinates":[[113.9285876,22.522784],[113.9285772,22.5227257],[113.9285659,22.5226625],[113.9285533,22.5225922]]},"properties":{"highway":"footway","name":"","osm_id":"775709477"}},{"type":"Feature","geometry":{"type":"LineString","coordinates":[[113.9282455,22.5220138],[113.9283458,22.5220223],[113.9285569,22.521999],[113.9297652,22.5218655]]},"properties":{"highway":"footway","name":"","osm_id":"775709478"}},{"type":"Feature","geometry":{"type":"LineString","coordinates":[[113.9299491,22.5218452],[113.931065,22.5217161]]},"properties":{"highway":"footway","name":"","osm_id":"775709479"}},{"type":"Feature","geometry":{"type":"LineString","coordinates":[[113.9312444,22.5216865],[113.9322954,22.5215685]]},"properties":{"highway":"footway","name":"","osm_id":"775709480"}},{"type":"Feature","geometry":{"type":"LineString","coordinates":[[113.935966,22.5214946],[113.9355306,22.5202494],[113.9348993,22.5184438],[113.9349572,22.5182714]]},"properties":{"highway":"footway","name":"","osm_id":"775709490"}},{"type":"Feature","geometry":{"type":"LineString","coordinates":[[113.9336423,22.5220306],[113.9336518,22.522094],[113.9336645,22.5221789],[113.9336718,22.5222283]]},"properties":{"highway":"footway","name":"","osm_id":"775709492"}},{"type":"Feature","geometry":{"type":"LineString","coordinates":[[113.9339105,22.5219857],[113.9339197,22.5220639],[113.9339301,22.5221522],[113.9339361,22.522204]]},"properties":{"highway":"footway","name":"","osm_id":"775709493"}},{"type":"Feature","geometry":{"type":"LineString","coordinates":[[113.9311338,22.522267],[113.9310928,22.5223009],[113.9300758,22.5224253],[113.9300219,22.5224048]]},"properties":{"highway":"footway","name":"","osm_id":"775709494"}},{"type":"Feature","geometry":{"type":"LineString","coordinates":[[113.9313163,22.5222439],[113.9312258,22.5222558],[113.9311338,22.522267]]},"properties":{"highway":"footway","name":"","osm_id":"775709495"}},{"type":"Feature","geometry":{"type":"LineString","coordinates":[[113.9310928,22.5223009],[113.9311018,22.5223654],[113.9311128,22.5224448],[113.9311183,22.5224841]]},"properties":{"highway":"footway","name":"","osm_id":"775709496"}},{"type":"Feature","geometry":{"type":"LineString","coordinates":[[113.9313453,22.5222696],[113.9313549,22.5223369],[113.9313664,22.522417],[113.9313719,22.5224553]]},"properties":{"highway":"footway","name":"","osm_id":"775709497"}},{"type":"Feature","geometry":{"type":"LineString","coordinates":[[113.928869,22.5239406],[113.9288214,22.5239651]]},"properties":{"highway":"footway","name":"","osm_id":"775709499"}},{"type":"Feature","geometry":{"type":"LineString","coordinates":[[113.9291265,22.524166],[113.9290984,22.5242194]]},"properties":{"highway":"footway","name":"","osm_id":"775709500"}},{"type":"Feature","geometry":{"type":"LineString","coordinates":[[113.9287409,22.5237411],[113.9286301,22.5237663],[113.9283476,22.5238304],[113.9282458,22.5238535]]},"properties":{"highway":"footway","name":"","osm_id":"775709501"}},{"type":"Feature","geometry":{"type":"LineString","coordinates":[[113.9282458,22.5238535],[113.9279967,22.5230012],[113.9278237,22.5229243],[113.9273189,22.5230379],[113.9264404,22.5232425],[113.9263372,22.5233668],[113.926705,22.524749],[113.9278931,22.5244958],[113.927966,22.5244727],[113.9280583,22.5244235],[113.9281408,22.5243623],[113.9281943,22.5242958],[113.9282326,22.5242196],[113.9282547,22.5241283],[113.9282663,22.5240102],[113.9282458,22.5238535]]},"properties":{"highway":"footway","name":"","osm_id":"775709502"}},{"type":"Feature","geometry":{"type":"LineString","coordinates":[[113.9265017,22.5247945],[113.9266068,22.5247709],[113.926705,22.524749]]},"properties":{"highway":"footway","name":"","osm_id":"775709503"}},{"type":"Feature","geometry":{"type":"LineString","coordinates":[[113.9261212,22.5234199],[113.9262445,22.5233895],[113.9263372,22.5233668]]},"properties":{"highway":"footway","name":"","osm_id":"775709504"}},{"type":"Feature","geometry":{"type":"LineString","coordinates":[[113.9264404,22.5232425],[113.9264185,22.523154],[113.9264038,22.5231011],[113.9263803,22.5230163]]},"properties":{"highway":"footway","name":"","osm_id":"775709505"}},{"type":"Feature","geometry":{"type":"LineString","coordinates":[[113.9262433,22.5229315],[113.9261477,22.5229535],[113.9260838,22.5229681],[113.9260377,22.5229787],[113.9260118,22.5229847]]},"properties":{"highway":"footway","name":"","osm_id":"775709506"}},{"type":"Feature","geometry":{"type":"LineString","coordinates":[[113.9249682,22.5235792],[113.9251066,22.5235449],[113.9259839,22.5233281],[113.9261212,22.5234199],[113.9262635,22.523934],[113.9265017,22.5247945]]},"properties":{"highway":"footway","name":"","osm_id":"775709507"}},{"type":"Feature","geometry":{"type":"LineString","coordinates":[[113.9259394,22.5231601],[113.9259465,22.523187],[113.9259603,22.523239],[113.9259839,22.5233281]]},"properties":{"highway":"footway","name":"","osm_id":"775709508"}},{"type":"Feature","geometry":{"type":"LineString","coordinates":[[113.9265017,22.5247945],[113.926355,22.5248478],[113.9261003,22.5249303],[113.9256382,22.5250378],[113.9255028,22.5250693],[113.9253817,22.5250885],[113.9252583,22.525081],[113.92518,22.5250665],[113.9250485,22.525012],[113.9249503,22.5249429],[113.9249016,22.5248878],[113.9248506,22.5247961],[113.9248018,22.5246818],[113.9247924,22.5246542],[113.9247265,22.5244469],[113.9246996,22.5243625],[113.9246911,22.524326],[113.9245262,22.523621]]},"properties":{"highway":"footway","name":"","osm_id":"775709509"}},{"type":"Feature","geometry":{"type":"LineString","coordinates":[[113.9256248,22.5219728],[113.925745,22.5220326],[113.9260118,22.5229847],[113.9259394,22.5231601],[113.9251584,22.523333],[113.925109,22.5233447],[113.9248214,22.5234124]]},"properties":{"highway":"footway","name":"","osm_id":"775709510"}},{"type":"Feature","geometry":{"type":"LineString","coordinates":[[113.9278237,22.5229243],[113.9278047,22.5228475],[113.9277866,22.5227743],[113.9277696,22.5227056]]},"properties":{"highway":"footway","name":"","osm_id":"775709511"}},{"type":"Feature","geometry":{"type":"LineString","coordinates":[[113.9291785,22.521041],[113.9291972,22.521176],[113.9292011,22.5212045]]},"properties":{"highway":"footway","name":"","osm_id":"775735664"}},{"type":"Feature","geometry":{"type":"LineString","coordinates":[[113.9309363,22.5209093],[113.9309475,22.5209876],[113.9309501,22.521006]]},"properties":{"highway":"footway","name":"","osm_id":"775735665"}},{"type":"Feature","geometry":{"type":"LineString","coordinates":[[113.9312945,22.5208694],[113.9313087,22.5209663]]},"properties":{"highway":"footway","name":"","osm_id":"775735666"}},{"type":"Feature","geometry":{"type":"LineString","coordinates":[[113.9319681,22.5207891],[113.9319831,22.520887]]},"properties":{"highway":"footway","name":"","osm_id":"775735667"}},{"type":"Feature","geometry":{"type":"LineString","coordinates":[[113.9342078,22.5204754],[113.9342225,22.520582],[113.9342287,22.5206268]]},"properties":{"highway":"footway","name":"","osm_id":"775735668"}},{"type":"Feature","geometry":{"type":"LineString","coordinates":[[113.9328851,22.5206834],[113.9328992,22.5207817]]},"properties":{"highway":"footway","name":"","osm_id":"775735669"}},{"type":"Feature","geometry":{"type":"LineString","coordinates":[[113.9314007,22.520755],[113.9313945,22.5207109],[113.9313849,22.5206438],[113.93133,22.520258],[113.9313211,22.5201952],[113.9313149,22.5201518]]},"properties":{"highway":"pedestrian","name":"","osm_id":"775735680"}},{"type":"Feature","geometry":{"type":"LineString","coordinates":[[113.9311259,22.5202179],[113.9311026,22.5202207],[113.9309093,22.5202432],[113.9307375,22.5202632]]},"properties":{"highway":"footway","name":"","osm_id":"775735681"}},{"type":"Feature","geometry":{"type":"LineString","coordinates":[[113.9317158,22.520878],[113.9317106,22.5208431],[113.9317025,22.5207884],[113.9316983,22.5207597],[113.9316928,22.5207233]]},"properties":{"highway":"service","name":"","osm_id":"775735682"}},{"type":"Feature","geometry":{"type":"LineString","coordinates":[[113.9278388,22.5200204],[113.9278827,22.5201025],[113.9279081,22.5201632],[113.9279187,22.5202207],[113.927931,22.5202981],[113.9279757,22.520891],[113.9279856,22.5210213],[113.9279933,22.5211202],[113.9280199,22.5213645],[113.9280362,22.5214693],[113.9280599,22.5216058],[113.9281189,22.5218651],[113.9281736,22.5221026],[113.9282429,22.5223421],[113.9282467,22.5223882],[113.9281937,22.5225209]]},"properties":{"highway":"residential","name":"","osm_id":"775735683"}},{"type":"Feature","geometry":{"type":"LineString","coordinates":[[113.9278676,22.5189976],[113.9279426,22.5189815],[113.9280706,22.5189533],[113.9291736,22.5187102]]},"properties":{"highway":"service","name":"","osm_id":"775735684"}},{"type":"Feature","geometry":{"type":"LineString","coordinates":[[113.9277654,22.5185198],[113.9278369,22.51875],[113.9278505,22.5188047],[113.9278615,22.5188743],[113.9278676,22.5189976],[113.9278861,22.519404],[113.9278904,22.5194586],[113.9279015,22.5195212]]},"properties":{"highway":"primary_link","name":"","osm_id":"775735685"}},{"type":"Feature","geometry":{"type":"LineString","coordinates":[[113.9280807,22.5211592],[113.9280765,22.5211179],[113.9280567,22.5209454],[113.9280068,22.5202914],[113.9279749,22.5198734],[113.9279911,22.5198565],[113.9281617,22.5196987],[113.9292872,22.519455],[113.9293763,22.519448],[113.9294272,22.5194534]]},"properties":{"highway":"footway","name":"","osm_id":"775735686"}},{"type":"Feature","geometry":{"type":"LineString","coordinates":[[113.928097,22.5213073],[113.9280894,22.5212706],[113.9280814,22.5211867],[113.9280807,22.5211592]]},"properties":{"highway":"footway","name":"","osm_id":"775735687"}},{"type":"Feature","geometry":{"type":"LineString","coordinates":[[113.9286488,22.5211682],[113.9286605,22.5212631],[113.9286495,22.5212644]]},"properties":{"highway":"footway","name":"","osm_id":"775735688"}},{"type":"Feature","geometry":{"type":"LineString","coordinates":[[113.9283438,22.5212034],[113.9283562,22.5213033]]},"properties":{"highway":"footway","name":"","osm_id":"775735689"}},{"type":"Feature","geometry":{"type":"LineString","coordinates":[[113.928507,22.5216082],[113.9284651,22.5212866],[113.9284605,22.5212508]]},"properties":{"highway":"footway","name":"","osm_id":"775735691"}},{"type":"Feature","geometry":{"type":"LineString","coordinates":[[113.928503,22.5212819],[113.9284651,22.5212866]]},"properties":{"highway":"footway","name":"","osm_id":"775735692"}},{"type":"Feature","geometry":{"type":"LineString","coordinates":[[113.9286495,22.5212644],[113.928503,22.5212819]]},"properties":{"highway":"steps","name":"","osm_id":"775735693"}},{"type":"Feature","geometry":{"type":"LineString","coordinates":[[113.9282252,22.5213189],[113.9282201,22.5212783]]},"properties":{"highway":"footway","name":"","osm_id":"775735694"}},{"type":"Feature","geometry":{"type":"LineString","coordinates":[[113.9296361,22.5209676],[113.9296192,22.5209695]]},"properties":{"highway":"footway","name":"","osm_id":"775735695"}},{"type":"Feature","geometry":{"type":"LineString","coordinates":[[113.9296582,22.5212648],[113.9296769,22.5212627]]},"properties":{"highway":"footway","name":"","osm_id":"775735696"}},{"type":"Feature","geometry":{"type":"LineString","coordinates":[[113.9296192,22.5209695],[113.9296206,22.5209797],[113.9296308,22.5210574],[113.9296434,22.5211527]]},"properties":{"highway":"footway","name":"","osm_id":"775735697"}},{"type":"Feature","geometry":{"type":"LineString","coordinates":[[113.9296434,22.5211527],[113.9296582,22.5212648]]},"properties":{"highway":"steps","name":"","osm_id":"775735698"}},{"type":"Feature","geometry":{"type":"LineString","coordinates":[[113.9309475,22.5209876],[113.9309325,22.5210087]]},"properties":{"highway":"footway","name":"","osm_id":"775735699"}},{"type":"Feature","geometry":{"type":"LineString","coordinates":[[113.9309501,22.521006],[113.9309632,22.5210973]]},"properties":{"highway":"steps","name":"","osm_id":"775735700"}},{"type":"Feature","geometry":{"type":"LineString","coordinates":[[113.9309632,22.5210973],[113.9309826,22.5210951]]},"properties":{"highway":"footway","name":"","osm_id":"775735701"}},{"type":"Feature","geometry":{"type":"LineString","coordinates":[[113.9309042,22.5209137],[113.9308898,22.5208085]]},"properties":{"highway":"footway","name":"","osm_id":"775735702"}},{"type":"Feature","geometry":{"type":"LineString","coordinates":[[113.9309052,22.5206959],[113.9309332,22.5206938]]},"properties":{"highway":"footway","name":"","osm_id":"775735703"}},{"type":"Feature","geometry":{"type":"LineString","coordinates":[[113.9308898,22.5208085],[113.9308962,22.5207659],[113.9309016,22.520734],[113.9309052,22.5206959]]},"properties":{"highway":"steps","name":"","osm_id":"775735704"}},{"type":"Feature","geometry":{"type":"LineString","coordinates":[[113.9311799,22.5208824],[113.9311667,22.5207803]]},"properties":{"highway":"footway","name":"","osm_id":"775735705"}},{"type":"Feature","geometry":{"type":"LineString","coordinates":[[113.9311558,22.5207021],[113.9311093,22.5207062]]},"properties":{"highway":"footway","name":"","osm_id":"775735706"}},{"type":"Feature","geometry":{"type":"LineString","coordinates":[[113.9311667,22.5207803],[113.9311558,22.5207021]]},"properties":{"highway":"steps","name":"","osm_id":"775735707"}},{"type":"Feature","geometry":{"type":"LineString","coordinates":[[113.9345706,22.520487],[113.934584,22.520585]]},"properties":{"highway":"footway","name":"","osm_id":"775735708"}},{"type":"Feature","geometry":{"type":"LineString","coordinates":[[113.9348909,22.5207171],[113.9349886,22.5206751],[113.9351608,22.5206033]]},"properties":{"highway":"footway","name":"","osm_id":"775735709"}},{"type":"Feature","geometry":{"type":"LineString","coordinates":[[113.934584,22.520585],[113.934665,22.5206059],[113.9347281,22.52063],[113.9347774,22.5206535],[113.9348243,22.520678],[113.9348909,22.5207171]]},"properties":{"highway":"steps","name":"","osm_id":"775735710"}},{"type":"Feature","geometry":{"type":"LineString","coordinates":[[113.934828,22.52039],[113.9347865,22.5201122],[113.9348814,22.5200878],[113.9349742,22.5200624]]},"properties":{"highway":"footway","name":"","osm_id":"775735711"}},{"type":"Feature","geometry":{"type":"LineString","coordinates":[[113.9283562,22.5213033],[113.9282252,22.5213189]]},"properties":{"highway":"steps","name":"","osm_id":"775780721"}},{"type":"Feature","geometry":{"type":"LineString","coordinates":[[113.9237205,22.5258133],[113.9259094,22.5252839],[113.9267543,22.5251134],[113.9271655,22.5250296],[113.9277612,22.5249103],[113.9283023,22.5247971],[113.9288201,22.5247039],[113.9291249,22.5246561],[113.9295454,22.5246065],[113.9299559,22.5245705],[113.9303259,22.5245543],[113.9308167,22.5245399],[113.9357692,22.5243948]]},"properties":{"highway":"trunk","name":"桂庙隧道","osm_id":"862777450"}},{"type":"Feature","geometry":{"type":"LineString","coordinates":[[113.9246647,22.5247722],[113.9247001,22.524908],[113.9247001,22.5249877],[113.9246847,22.5250404],[113.9246462,22.5250731],[113.9245953,22.5250945],[113.9245476,22.5250945],[113.9244921,22.5250731],[113.9244459,22.5250319],[113.9244166,22.5249735],[113.9243982,22.5248924],[113.9243538,22.5246529]]},"properties":{"highway":"primary_link","name":"","osm_id":"894812096"}},{"type":"Feature","geometry":{"type":"LineString","coordinates":[[113.9334525,22.5176328],[113.9334327,22.5175674]]},"properties":{"highway":"footway","name":"","osm_id":"927704813"}},{"type":"Feature","geometry":{"type":"LineString","coordinates":[[113.9324557,22.5184035],[113.932466,22.5184421]]},"properties":{"highway":"footway","name":"","osm_id":"927704815"}},{"type":"Feature","geometry":{"type":"LineString","coordinates":[[113.9323955,22.5181797],[113.9324557,22.5184035]]},"properties":{"highway":"footway","name":"","osm_id":"927704816"}},{"type":"Feature","geometry":{"type":"LineString","coordinates":[[113.9319263,22.5179943],[113.9319131,22.5179505]]},"properties":{"highway":"footway","name":"","osm_id":"927704817"}},{"type":"Feature","geometry":{"type":"LineString","coordinates":[[113.9318716,22.5178128],[113.9318546,22.5177565]]},"properties":{"highway":"footway","name":"","osm_id":"927704818"}},{"type":"Feature","geometry":{"type":"LineString","coordinates":[[113.9266508,22.5249388],[113.9279338,22.5247064],[113.9286707,22.5246511]]},"properties":{"highway":"primary","name":"滨海大道辅路","osm_id":"974372177"}},{"type":"Feature","geometry":{"type":"LineString","coordinates":[[113.9307229,22.5245081],[113.9314969,22.5243448],[113.9317444,22.5243053],[113.9319872,22.524284],[113.9320677,22.524281],[113.9322144,22.5242756],[113.9327337,22.5242653]]},"properties":{"highway":"primary","name":"","osm_id":"983602902"}},{"type":"Feature","geometry":{"type":"LineString","coordinates":[[113.9333363,22.5249419],[113.9333789,22.5250838],[113.9335579,22.5256795],[113.9335669,22.5257094],[113.9335954,22.5258024],[113.933632,22.5259193]]},"properties":{"highway":"tertiary","name":"高新南九道","osm_id":"995989152"}},{"type":"Feature","geometry":{"type":"LineString","coordinates":[[113.9305906,22.5225163],[113.9300954,22.5225703],[113.9299669,22.5225843],[113.9299036,22.5225912],[113.9298273,22.5225995],[113.9294189,22.522644],[113.9289728,22.5226855],[113.9286172,22.5227185],[113.9285772,22.5227257],[113.9285365,22.522733],[113.9284552,22.5227655],[113.928393,22.5228201],[113.9283585,22.5228668],[113.9283089,22.5229304]]},"properties":{"highway":"secondary","name":"海德三道","osm_id":"996890847"}},{"type":"Feature","geometry":{"type":"LineString","coordinates":[[113.9283089,22.5229304],[113.9283598,22.5231178],[113.9283705,22.5231681],[113.9284029,22.5233009]]},"properties":{"highway":"primary","name":"后海大道","osm_id":"996890848"}},{"type":"Feature","geometry":{"type":"LineString","coordinates":[[113.9259968,22.5252225],[113.9280291,22.5247754],[113.9286707,22.5246511]]},"properties":{"highway":"primary","name":"滨海大道","osm_id":"996890849"}},{"type":"Feature","geometry":{"type":"LineString","coordinates":[[113.9298165,22.5245404],[113.9299075,22.5245372],[113.9307229,22.5245081]]},"properties":{"highway":"primary","name":"滨海大道","osm_id":"996890850"}},{"type":"Feature","geometry":{"type":"LineString","coordinates":[[113.9325175,22.5223051],[113.9325019,22.5222224],[113.9324761,22.5220856],[113.9324644,22.5220235],[113.9323566,22.5216258],[113.9321573,22.5208797],[113.9321449,22.5208288],[113.932136,22.5207938],[113.9321227,22.5207399],[113.9321142,22.5207099],[113.9316343,22.5190026],[113.9316269,22.518978],[113.9315875,22.5188468]]},"properties":{"highway":"tertiary","name":"文心五路","osm_id":"996890851"}},{"type":"Feature","geometry":{"type":"LineString","coordinates":[[113.9316501,22.5187632],[113.9316697,22.5188281],[113.9317082,22.5189595],[113.9317157,22.5189791],[113.9321821,22.5206549],[113.9321946,22.5207003],[113.9322024,22.5207309]]},"properties":{"highway":"tertiary","name":"文心五路","osm_id":"996890852"}},{"type":"Feature","geometry":{"type":"LineString","coordinates":[[113.9328052,22.524264],[113.9334701,22.5242492],[113.9334997,22.5242485],[113.9342921,22.5242666],[113.9347729,22.5243014]]},"properties":{"highway":"primary","name":"","osm_id":"996890853"}},{"type":"Feature","geometry":{"type":"LineString","coordinates":[[113.9327337,22.5242653],[113.9328052,22.524264]]},"properties":{"highway":"primary","name":"","osm_id":"996890854"}},{"type":"Feature","geometry":{"type":"LineString","coordinates":[[113.9325175,22.5223051],[113.932415,22.5223163],[113.9313664,22.522417],[113.9312492,22.5224299],[113.9311128,22.5224448],[113.9309805,22.5224737],[113.9305906,22.5225163]]},"properties":{"highway":"secondary","name":"海德三道","osm_id":"996890855"}},{"type":"Feature","geometry":{"type":"LineString","coordinates":[[113.9327337,22.5242653],[113.9327219,22.5241375],[113.9326804,22.5237459],[113.9326402,22.5233715],[113.9325368,22.5224077],[113.9325331,22.5223881],[113.9325175,22.5223051]]},"properties":{"highway":"tertiary","name":"文心五路","osm_id":"996890856"}},{"type":"Feature","geometry":{"type":"LineString","coordinates":[[113.9337114,22.5214529],[113.933623,22.5214637],[113.9325075,22.5216001],[113.9324349,22.521609]]},"properties":{"highway":"service","name":"","osm_id":"996890857"}},{"type":"Feature","geometry":{"type":"LineString","coordinates":[[113.9296556,22.5211142],[113.9284605,22.5212508],[113.9282201,22.5212783],[113.9281679,22.5212843]]},"properties":{"highway":"footway","name":"","osm_id":"996890858"}},{"type":"Feature","geometry":{"type":"LineString","coordinates":[[113.9311791,22.5209371],[113.93115,22.52096],[113.9311537,22.5209836]]},"properties":{"highway":"footway","name":"","osm_id":"996890859"}},{"type":"Feature","geometry":{"type":"LineString","coordinates":[[113.9296403,22.5209983],[113.9281523,22.5211682]]},"properties":{"highway":"footway","name":"","osm_id":"996890860"}},{"type":"Feature","geometry":{"type":"LineString","coordinates":[[113.9311588,22.5208215],[113.9311639,22.5208505],[113.9311735,22.520905],[113.9311791,22.5209371]]},"properties":{"highway":"footway","name":"","osm_id":"996890861"}},{"type":"Feature","geometry":{"type":"LineString","coordinates":[[113.930915,22.5208511],[113.9309189,22.5208789],[113.9309265,22.5209337],[113.9309306,22.5209635]]},"properties":{"highway":"footway","name":"","osm_id":"996890862"}},{"type":"Feature","geometry":{"type":"LineString","coordinates":[[113.9311196,22.5207724],[113.9310255,22.5207764],[113.9309434,22.5207799]]},"properties":{"highway":"footway","name":"","osm_id":"996890863"}},{"type":"Feature","geometry":{"type":"LineString","coordinates":[[113.93115,22.52096],[113.9310533,22.5209715],[113.9309687,22.5209798]]},"properties":{"highway":"footway","name":"","osm_id":"996890864"}},{"type":"Feature","geometry":{"type":"LineString","coordinates":[[113.9309712,22.5210037],[113.9309687,22.5209798],[113.9309306,22.5209635]]},"properties":{"highway":"footway","name":"","osm_id":"996890865"}},{"type":"Feature","geometry":{"type":"LineString","coordinates":[[113.9320936,22.5208347],[113.9317158,22.520878],[113.9311791,22.5209371]]},"properties":{"highway":"footway","name":"","osm_id":"996890866"}},{"type":"Feature","geometry":{"type":"LineString","coordinates":[[113.9322945,22.5208117],[113.9323037,22.5208503]]},"properties":{"highway":"footway","name":"","osm_id":"996890867"}},{"type":"Feature","geometry":{"type":"LineString","coordinates":[[113.9320936,22.5208347],[113.9321044,22.5208732]]},"properties":{"highway":"footway","name":"","osm_id":"996890868"}},{"type":"Feature","geometry":{"type":"LineString","coordinates":[[113.9322945,22.5208117],[113.9322263,22.5208195],[113.9321449,22.5208288],[113.9320936,22.5208347]]},"properties":{"highway":"footway","name":"","osm_id":"996890869"}},{"type":"Feature","geometry":{"type":"LineString","coordinates":[[113.9320599,22.5207164],[113.9316983,22.5207597],[113.9311588,22.5208215]]},"properties":{"highway":"footway","name":"","osm_id":"996890870"}},{"type":"Feature","geometry":{"type":"LineString","coordinates":[[113.9320486,22.5206802],[113.9320599,22.5207164]]},"properties":{"highway":"footway","name":"","osm_id":"996890871"}},{"type":"Feature","geometry":{"type":"LineString","coordinates":[[113.9322649,22.5206919],[113.9321946,22.5207003],[113.9321142,22.5207099],[113.9320599,22.5207164]]},"properties":{"highway":"footway","name":"","osm_id":"996890872"}},{"type":"Feature","geometry":{"type":"LineString","coordinates":[[113.9322552,22.5206574],[113.9322649,22.5206919]]},"properties":{"highway":"footway","name":"","osm_id":"996890873"}},{"type":"Feature","geometry":{"type":"LineString","coordinates":[[113.9314309,22.5187396],[113.931453,22.5187053]]},"properties":{"highway":"footway","name":"","osm_id":"996890875"}},{"type":"Feature","geometry":{"type":"LineString","coordinates":[[113.9280096,22.5195908],[113.9293315,22.519285],[113.929458,22.5192555],[113.9295193,22.5192416],[113.9296087,22.519221],[113.9306378,22.5189925],[113.9307835,22.5189596],[113.930911,22.5189299],[113.931413,22.5188172],[113.9314531,22.5188078],[113.9315676,22.518782]]},"properties":{"highway":"tertiary","name":"海德一道","osm_id":"996890876"}},{"type":"Feature","geometry":{"type":"LineString","coordinates":[[113.9315875,22.5188468],[113.9314741,22.5188725],[113.9314284,22.5188831],[113.9309247,22.5189964],[113.9307922,22.5190272],[113.9306537,22.5190587],[113.929627,22.5192872],[113.9295285,22.5193098],[113.9294672,22.5193249],[113.9293497,22.5193511],[113.9281861,22.5196215]]},"properties":{"highway":"tertiary","name":"海德一道","osm_id":"996890877"}},{"type":"Feature","geometry":{"type":"LineString","coordinates":[[113.9356253,22.5179118],[113.9351417,22.5180298],[113.9348163,22.5181092],[113.9347714,22.5181202],[113.9346706,22.5181448],[113.9344683,22.5181941]]},"properties":{"highway":"tertiary","name":"海德一道","osm_id":"996890878"}},{"type":"Feature","geometry":{"type":"LineString","coordinates":[[113.9261833,22.5231844],[113.9260838,22.5229681],[113.9258386,22.5220464],[113.9258292,22.5220113],[113.9257766,22.5218136],[113.9257542,22.5217292],[113.9257056,22.5215466],[113.9254797,22.5206978],[113.9252371,22.5197861],[113.9252235,22.5197348],[113.9251776,22.5195624],[113.9251599,22.5194956]]},"properties":{"highway":"tertiary","name":"文心二路","osm_id":"996890879"}},{"type":"Feature","geometry":{"type":"LineString","coordinates":[[113.9238081,22.5221378],[113.9238639,22.5221852],[113.9239212,22.5222236],[113.9239818,22.5222396],[113.924031,22.5222419],[113.9240912,22.5222344],[113.9248444,22.5220053],[113.9249251,22.5219807],[113.9255156,22.521801],[113.9255725,22.5217837],[113.9257542,22.5217292],[113.9258198,22.5217085]]},"properties":{"highway":"tertiary","name":"海德二道","osm_id":"996890880"}},{"type":"Feature","geometry":{"type":"LineString","coordinates":[[113.9252552,22.5195689],[113.9252993,22.519736],[113.9253136,22.5197901],[113.9257592,22.521479],[113.9257727,22.5215301],[113.9258198,22.5217085],[113.9258423,22.5217939],[113.9258952,22.5219941],[113.9259045,22.5220294],[113.9261294,22.5228865],[113.9261477,22.5229535],[113.9261833,22.5231844]]},"properties":{"highway":"tertiary","name":"文心二路","osm_id":"996890881"}},{"type":"Feature","geometry":{"type":"LineString","coordinates":[[113.929633,22.5194231],[113.9296561,22.5194003],[113.9301194,22.5192956],[113.9306779,22.5191589],[113.9307301,22.5191817]]},"properties":{"highway":"footway","name":"","osm_id":"996890882"}},{"type":"Feature","geometry":{"type":"LineString","coordinates":[[113.9294272,22.5194534],[113.9294832,22.5194447],[113.9295453,22.5194355],[113.929633,22.5194231]]},"properties":{"highway":"footway","name":"","osm_id":"996890883"}},{"type":"Feature","geometry":{"type":"LineString","coordinates":[[113.9299036,22.5225912],[113.9298935,22.5225157],[113.9298809,22.5224215],[113.9298141,22.5219216],[113.9297055,22.5211082],[113.9297011,22.5210754],[113.9296937,22.5210203],[113.92969,22.5209923],[113.9295803,22.520171],[113.9294832,22.5194447],[113.9294672,22.5193249],[113.929458,22.5192555]]},"properties":{"highway":"residential","name":"文心三路","osm_id":"996890884"}},{"type":"Feature","geometry":{"type":"LineString","coordinates":[[113.9295193,22.5192416],[113.9295285,22.5193098],[113.9295453,22.5194355],[113.9296579,22.5202761],[113.9297528,22.5209851],[113.9297565,22.521013],[113.9297639,22.5210681],[113.9297683,22.521101],[113.9298772,22.5219147],[113.9299441,22.522414],[113.9299568,22.5225086],[113.9299669,22.5225843]]},"properties":{"highway":"residential","name":"文心三路","osm_id":"996890885"}},{"type":"Feature","geometry":{"type":"LineString","coordinates":[[113.9296605,22.5211508],[113.9296556,22.5211142]]},"properties":{"highway":"footway","name":"","osm_id":"996890886"}},{"type":"Feature","geometry":{"type":"LineString","coordinates":[[113.9309306,22.5209635],[113.9298509,22.5210916]]},"properties":{"highway":"footway","name":"","osm_id":"996890887"}},{"type":"Feature","geometry":{"type":"LineString","coordinates":[[113.9296403,22.5209983],[113.9296375,22.5209778]]},"properties":{"highway":"footway","name":"","osm_id":"996890888"}},{"type":"Feature","geometry":{"type":"LineString","coordinates":[[113.930915,22.5208511],[113.9298358,22.5209756]]},"properties":{"highway":"footway","name":"","osm_id":"996890889"}},{"type":"Feature","geometry":{"type":"LineString","coordinates":[[113.9298333,22.5209552],[113.9298358,22.5209756]]},"properties":{"highway":"footway","name":"","osm_id":"996890890"}},{"type":"Feature","geometry":{"type":"LineString","coordinates":[[113.9298358,22.5209756],[113.9297528,22.5209851],[113.92969,22.5209923],[113.9296403,22.5209983]]},"properties":{"highway":"footway","name":"","osm_id":"996890891"}},{"type":"Feature","geometry":{"type":"LineString","coordinates":[[113.9298509,22.5210916],[113.9298558,22.5211287]]},"properties":{"highway":"footway","name":"","osm_id":"996890892"}},{"type":"Feature","geometry":{"type":"LineString","coordinates":[[113.9298509,22.5210916],[113.9297683,22.521101],[113.9297055,22.5211082],[113.9296556,22.5211142]]},"properties":{"highway":"footway","name":"","osm_id":"996890893"}},{"type":"Feature","geometry":{"type":"LineString","coordinates":[[113.9238079,22.5213255],[113.9236028,22.5207927],[113.9232676,22.5199142]]},"properties":{"highway":"service","name":"","osm_id":"996890894"}},{"type":"Feature","geometry":{"type":"LineString","coordinates":[[113.9355234,22.5249119],[113.9338019,22.5249355],[113.9333363,22.5249419]]},"properties":{"highway":"primary","name":"滨海大道辅路","osm_id":"1031889493"}},{"type":"Feature","geometry":{"type":"LineString","coordinates":[[113.9250109,22.5250375],[113.9250485,22.525012]]},"properties":{"highway":"footway","name":"","osm_id":"1034171556"}},{"type":"Feature","geometry":{"type":"LineString","coordinates":[[113.9247292,22.5246956],[113.9247924,22.5246542]]},"properties":{"highway":"footway","name":"","osm_id":"1034171557"}},{"type":"Feature","geometry":{"type":"LineString","coordinates":[[113.9326402,22.5233715],[113.9325787,22.5233768],[113.9324873,22.5233846]]},"properties":{"highway":"service","name":"","osm_id":"1041694112"}},{"type":"Feature","geometry":{"type":"LineString","coordinates":[[113.9327129,22.5233654],[113.932795,22.5234997],[113.9330612,22.5234799]]},"properties":{"highway":"service","name":"","osm_id":"1049521489"}},{"type":"Feature","geometry":{"type":"LineString","coordinates":[[113.9331085,22.5239169],[113.9330612,22.5234799]]},"properties":{"highway":"service","name":"","osm_id":"1049521490"}},{"type":"Feature","geometry":{"type":"LineString","coordinates":[[113.9327129,22.5233654],[113.9327519,22.523739],[113.9327927,22.5241337],[113.9328052,22.524264]]},"properties":{"highway":"tertiary","name":"文心五路","osm_id":"1050765249"}},{"type":"Feature","geometry":{"type":"LineString","coordinates":[[113.9237458,22.5213436],[113.9238336,22.5215882],[113.9237759,22.5216688],[113.923741,22.5217182],[113.9239044,22.522147],[113.9240112,22.5221844],[113.9248211,22.5219408],[113.9249056,22.5219154],[113.9255548,22.5217212],[113.9256199,22.5215672],[113.9254041,22.5207157]]},"properties":{"highway":"footway","name":"","osm_id":"1050765254"}},{"type":"Feature","geometry":{"type":"LineString","coordinates":[[113.923581,22.5215869],[113.9236234,22.5219303]]},"properties":{"highway":"primary_link","name":"","osm_id":"1050765255"}},{"type":"Feature","geometry":{"type":"LineString","coordinates":[[113.9241349,22.5229624],[113.9242214,22.5230999],[113.9242461,22.5231461],[113.9243767,22.5234508],[113.9244016,22.5234978],[113.9244274,22.5235317],[113.9244612,22.5235568],[113.9245144,22.5235666],[113.9245789,22.5235596],[113.9247898,22.5235099]]},"properties":{"highway":"unclassified","name":"海德三道","osm_id":"1050765256"}},{"type":"Feature","geometry":{"type":"LineString","coordinates":[[113.9242614,22.5238868],[113.9241819,22.5236658],[113.9241563,22.5236],[113.9240546,22.523373],[113.923977,22.5232085],[113.923846,22.5229049],[113.9236229,22.5223115],[113.9232193,22.521295]]},"properties":{"highway":"primary","name":"南海大道","osm_id":"1050765258"}},{"type":"Feature","geometry":{"type":"LineString","coordinates":[[113.923581,22.5215869],[113.9238081,22.5221378],[113.9239595,22.5225441],[113.9241349,22.5229624]]},"properties":{"highway":"secondary","name":"南海大道辅路","osm_id":"1050765261"}},{"type":"Feature","geometry":{"type":"LineString","coordinates":[[113.9236234,22.5219303],[113.9239509,22.5227723],[113.9241081,22.5232294],[113.9241506,22.5233482],[113.924242,22.5235761],[113.9243493,22.5238527]]},"properties":{"highway":"primary","name":"南海大道","osm_id":"1050765262"}},{"type":"Feature","geometry":{"type":"LineString","coordinates":[[113.9245048,22.523522],[113.9243566,22.5233295],[113.9240375,22.5225497],[113.9240319,22.5224976],[113.9240535,22.5224577],[113.9240953,22.5224287],[113.9243282,22.5223542],[113.9249074,22.5221799],[113.925248,22.5220774],[113.9256248,22.5219728]]},"properties":{"highway":"footway","name":"","osm_id":"1050765304"}},{"type":"Feature","geometry":{"type":"LineString","coordinates":[[113.9245262,22.523621],[113.9245144,22.5235666],[113.9245048,22.523522]]},"properties":{"highway":"footway","name":"","osm_id":"1050765305"}},{"type":"Feature","geometry":{"type":"LineString","coordinates":[[113.9281627,22.5177577],[113.9289296,22.5175772],[113.930248,22.5172578],[113.9308766,22.5171017],[113.9310266,22.5170629],[113.9311179,22.5170393]]},"properties":{"highway":"secondary","name":"创业路","osm_id":"1050943012"}},{"type":"Feature","geometry":{"type":"LineString","coordinates":[[113.9278388,22.5200204],[113.9278845,22.520806],[113.9279068,22.5211273],[113.9279338,22.5213455],[113.9279537,22.5214773],[113.927982,22.5216389],[113.9280129,22.5217904],[113.9280532,22.5219756],[113.9281035,22.5221778],[113.9281937,22.5225209],[113.9283089,22.5229304]]},"properties":{"highway":"primary","name":"后海大道","osm_id":"1050943013"}},{"type":"Feature","geometry":{"type":"LineString","coordinates":[[113.9310506,22.5171457],[113.9309036,22.5171841],[113.9296972,22.5174855],[113.9285189,22.5177809],[113.9281827,22.5178687],[113.9278312,22.5179637],[113.9277437,22.5179865]]},"properties":{"highway":"secondary","name":"创业路","osm_id":"1050943014"}},{"type":"Feature","geometry":{"type":"LineString","coordinates":[[113.9283056,22.5233154],[113.9282395,22.5231187],[113.928174,22.5229509],[113.9280668,22.5225763],[113.9280488,22.5225207],[113.9279633,22.5222128],[113.9279103,22.5219972],[113.9278646,22.5217748],[113.927834,22.521585],[113.9277965,22.5213925],[113.9277685,22.5212059],[113.927753,22.5210536],[113.9277374,22.5208517],[113.9276882,22.520155],[113.9276721,22.5198037],[113.9276669,22.5197163]]},"properties":{"highway":"primary","name":"后海大道","osm_id":"1050943015"}},{"type":"Feature","geometry":{"type":"LineString","coordinates":[[113.9286707,22.5246511],[113.9290987,22.5246135],[113.9298165,22.5245404]]},"properties":{"highway":"primary","name":"滨海大道","osm_id":"1058988271"}},{"type":"Feature","geometry":{"type":"LineString","coordinates":[[113.9307229,22.5245081],[113.9329169,22.5245015],[113.9332264,22.5244821],[113.9333294,22.5244713],[113.9336831,22.5244341],[113.9347729,22.5243014]]},"properties":{"highway":"primary","name":"滨海大道","osm_id":"1058988272"}},{"type":"Feature","geometry":{"type":"LineString","coordinates":[[113.925365,22.5251655],[113.9258841,22.5250886],[113.9260585,22.5250545],[113.9266508,22.5249388]]},"properties":{"highway":"primary","name":"滨海大道辅路","osm_id":"1100775503"}},{"type":"Feature","geometry":{"type":"LineString","coordinates":[[113.9251599,22.5194956],[113.9251161,22.5193161],[113.925107,22.5192743],[113.9250059,22.518836],[113.9249687,22.5186791],[113.9249486,22.5185394],[113.9249409,22.5183786],[113.9249442,22.518213],[113.9249399,22.5181808],[113.9249316,22.5181384],[113.9249172,22.5180922],[113.924889,22.5180415],[113.9248463,22.5179925],[113.9247899,22.5179549]]},"properties":{"highway":"tertiary","name":"文心二路","osm_id":"1100775504"}},{"type":"Feature","geometry":{"type":"LineString","coordinates":[[113.9231311,22.519775],[113.9231613,22.5197598],[113.9240174,22.5194806],[113.9240672,22.5194684],[113.924117,22.5194562],[113.9242061,22.5194431],[113.9242948,22.5194403],[113.9243614,22.5194427],[113.9243975,22.519444],[113.9249126,22.5194788],[113.9249695,22.5194827],[113.9251599,22.5194956]]},"properties":{"highway":"tertiary","name":"海德一道","osm_id":"1100775505"}},{"type":"Feature","geometry":{"type":"LineString","coordinates":[[113.9251361,22.5179628],[113.9250812,22.5179842],[113.9250439,22.5180155],[113.9250182,22.5180522],[113.9250097,22.518097],[113.9250064,22.5183431],[113.925011,22.5184797],[113.925031,22.5186319],[113.9250752,22.5188177],[113.9251695,22.5192442],[113.9251864,22.519308],[113.9252372,22.5195008],[113.9252552,22.5195689]]},"properties":{"highway":"tertiary","name":"文心二路","osm_id":"1100775506"}},{"type":"Feature","geometry":{"type":"LineString","coordinates":[[113.9252552,22.5195689],[113.9251776,22.5195624],[113.9249785,22.5195503],[113.9249242,22.5195466],[113.9244083,22.5195119],[113.9243585,22.5195096],[113.9243087,22.5195072],[113.9242124,22.519511],[113.9241258,22.5195222],[113.9240841,22.5195335],[113.9240424,22.5195448],[113.9231563,22.5198406],[113.9230201,22.5198861]]},"properties":{"highway":"tertiary","name":"海德一道","osm_id":"1100775507"}},{"type":"Feature","geometry":{"type":"LineString","coordinates":[[113.933981,22.5183003],[113.9331409,22.5184908],[113.9330011,22.5185234],[113.9318572,22.5187853],[113.931793,22.5187984],[113.9316697,22.5188281],[113.9315875,22.5188468]]},"properties":{"highway":"tertiary","name":"海德一道","osm_id":"1100775508"}},{"type":"Feature","geometry":{"type":"LineString","coordinates":[[113.9315676,22.518782],[113.9315364,22.5186841],[113.9315301,22.5186638],[113.9313421,22.5180781],[113.9312019,22.5176524],[113.9311098,22.5173379],[113.9310951,22.5172902],[113.9310506,22.5171457]]},"properties":{"highway":"tertiary","name":"文心五路","osm_id":"1100775509"}},{"type":"Feature","geometry":{"type":"LineString","coordinates":[[113.9311179,22.5170393],[113.9311421,22.5171218],[113.9311845,22.5172661],[113.9311967,22.5173071],[113.9314429,22.5180988],[113.9316123,22.5186418],[113.9316187,22.518663],[113.9316501,22.5187632]]},"properties":{"highway":"tertiary","name":"文心五路","osm_id":"1100775510"}},{"type":"Feature","geometry":{"type":"LineString","coordinates":[[113.9316501,22.5187632],[113.9317755,22.5187331],[113.9318386,22.5187203],[113.9325019,22.5185686],[113.9329829,22.5184566],[113.9331257,22.5184257],[113.9341166,22.5182011]]},"properties":{"highway":"tertiary","name":"海德一道","osm_id":"1100775511"}},{"type":"Feature","geometry":{"type":"LineString","coordinates":[[113.9301507,22.518841],[113.9300614,22.5185297],[113.9299545,22.5181737],[113.9300688,22.5181442]]},"properties":{"highway":"footway","name":"","osm_id":"1125377855"}},{"type":"Feature","geometry":{"type":"LineString","coordinates":[[113.9301507,22.518841],[113.9303929,22.5187804]]},"properties":{"highway":"footway","name":"","osm_id":"1125377856"}},{"type":"Feature","geometry":{"type":"LineString","coordinates":[[113.9303055,22.5184702],[113.9300614,22.5185297]]},"properties":{"highway":"footway","name":"","osm_id":"1125377857"}},{"type":"Feature","geometry":{"type":"LineString","coordinates":[[113.9300688,22.5181442],[113.9302051,22.5181094]]},"properties":{"highway":"footway","name":"","osm_id":"1125377858"}},{"type":"Feature","geometry":{"type":"LineString","coordinates":[[113.9302033,22.5190389],[113.9301507,22.518841]]},"properties":{"highway":"footway","name":"","osm_id":"1125377862"}},{"type":"Feature","geometry":{"type":"LineString","coordinates":[[113.9277264,22.5174747],[113.9277355,22.5177514],[113.9277395,22.5178631]]},"properties":{"highway":"primary","name":"后海大道","osm_id":"1126957172"}},{"type":"Feature","geometry":{"type":"LineString","coordinates":[[113.9277395,22.5178631],[113.9275598,22.5178759],[113.9274155,22.5178786],[113.9270945,22.5178845]]},"properties":{"highway":"secondary","name":"创业路","osm_id":"1126957173"}},{"type":"Feature","geometry":{"type":"LineString","coordinates":[[113.9281937,22.5225209],[113.9282799,22.5225765],[113.9283278,22.5226059],[113.9283949,22.5226385],[113.9284458,22.5226484],[113.9285129,22.5226596],[113.9285659,22.5226625],[113.928617,22.5226593],[113.9298154,22.5225245],[113.9298935,22.5225157],[113.9299568,22.5225086],[113.9300851,22.5224942],[113.9311018,22.5223654],[113.9312384,22.52235],[113.9313549,22.5223369],[113.9323989,22.522234],[113.9325019,22.5222224],[113.9325774,22.5222139]]},"properties":{"highway":"secondary","name":"海德三道","osm_id":"1126957174"}},{"type":"Feature","geometry":{"type":"LineString","coordinates":[[113.9325774,22.5222139],[113.9325926,22.5222969],[113.9326078,22.5223802],[113.9326132,22.5224095],[113.9327129,22.5233654]]},"properties":{"highway":"tertiary","name":"文心五路","osm_id":"1126957175"}},{"type":"Feature","geometry":{"type":"LineString","coordinates":[[113.9359061,22.5220911],[113.9358848,22.522034],[113.9358434,22.5219233],[113.935813,22.5218419],[113.935788,22.5217749],[113.9357675,22.5217199],[113.9356231,22.5213779],[113.9353452,22.5205929],[113.9351706,22.5201245]]},"properties":{"highway":"secondary","name":"后海滨路","osm_id":"1126957196"}},{"type":"Feature","geometry":{"type":"LineString","coordinates":[[113.9259094,22.5252839],[113.9271788,22.5248231],[113.9273983,22.5247412],[113.9276314,22.5246646]]},"properties":{"highway":"construction","name":"","osm_id":"1131866346"}},{"type":"Feature","geometry":{"type":"LineString","coordinates":[[113.9276314,22.5246646],[113.9278093,22.5246193],[113.9279491,22.5245693],[113.9280659,22.5245056],[113.9281769,22.5244084],[113.9282672,22.5243136]]},"properties":{"highway":"construction","name":"","osm_id":"1131866347"}},{"type":"Feature","geometry":{"type":"LineString","coordinates":[[113.9282672,22.5243136],[113.9283301,22.5241894],[113.9283606,22.5240901],[113.9283673,22.5239984],[113.9283573,22.5238636]]},"properties":{"highway":"construction","name":"","osm_id":"1131866348"}},{"type":"Feature","geometry":{"type":"LineString","coordinates":[[113.9333898,22.5243371],[113.9347729,22.5243014]]},"properties":{"highway":"construction","name":"","osm_id":"1131866349"}},{"type":"Feature","geometry":{"type":"LineString","coordinates":[[113.9308167,22.5245399],[113.9316904,22.5243921],[113.9319863,22.5243612]]},"properties":{"highway":"construction","name":"","osm_id":"1131866350"}},{"type":"Feature","geometry":{"type":"LineString","coordinates":[[113.9319863,22.5243612],[113.9333898,22.5243371]]},"properties":{"highway":"construction","name":"","osm_id":"1131866351"}},{"type":"Feature","geometry":{"type":"LineString","coordinates":[[113.9347729,22.5243014],[113.9355781,22.5242132]]},"properties":{"highway":"primary","name":"滨海大道","osm_id":"1143147546"}},{"type":"Feature","geometry":{"type":"LineString","coordinates":[[113.9355234,22.5249119],[113.9345344,22.5246697]]},"properties":{"highway":"trunk_link","name":"","osm_id":"1167565894"}},{"type":"Feature","geometry":{"type":"LineString","coordinates":[[113.9302795,22.5247595],[113.9292508,22.5250331]]},"properties":{"highway":"trunk_link","name":"","osm_id":"1167565895"}},{"type":"Feature","geometry":{"type":"LineString","coordinates":[[113.9308068,22.5209248],[113.9308559,22.5207694],[113.9308761,22.5206935],[113.9308897,22.5206294],[113.9309023,22.5205608],[113.9309115,22.5204997],[113.930916,22.5204126],[113.9309148,22.5203176],[113.9309093,22.5202432]]},"properties":{"highway":"footway","name":"","osm_id":"1171075883"}},{"type":"Feature","geometry":{"type":"LineString","coordinates":[[113.9237652,22.5216402],[113.9237759,22.5216688]]},"properties":{"highway":"footway","name":"","osm_id":"1185860516"}},{"type":"Feature","geometry":{"type":"LineString","coordinates":[[113.9277437,22.5179865],[113.9277468,22.5180795],[113.9277573,22.5183913],[113.9277654,22.5185198],[113.927779,22.5187371],[113.9277811,22.5189965],[113.9277876,22.5191511],[113.9277937,22.5192955]]},"properties":{"highway":"primary","name":"后海大道","osm_id":"1185869854"}},{"type":"Feature","geometry":{"type":"LineString","coordinates":[[113.9251599,22.5194956],[113.9252372,22.5195008],[113.9254903,22.5195179],[113.9264227,22.519581],[113.9274208,22.5196483],[113.9274928,22.5196532],[113.9275746,22.5196515],[113.927663,22.5196496],[113.9278091,22.519633],[113.9279013,22.5196145],[113.9279355,22.5196077],[113.9280096,22.5195908]]},"properties":{"highway":"tertiary","name":"海德一道","osm_id":"1185869855"}},{"type":"Feature","geometry":{"type":"LineString","coordinates":[[113.9276669,22.5197163],[113.927663,22.5196496],[113.9276609,22.5195984],[113.9276378,22.5192381],[113.9275984,22.5185961],[113.9275711,22.5181089],[113.927566,22.5180033],[113.9275598,22.5178759],[113.927556,22.5177804],[113.9275489,22.5175056]]},"properties":{"highway":"primary","name":"后海大道","osm_id":"1185869887"}},{"type":"Feature","geometry":{"type":"LineString","coordinates":[[113.9276669,22.5197163],[113.9275781,22.5197182],[113.9275,22.51972],[113.9272972,22.5197063],[113.9266183,22.5196606],[113.9255505,22.5195888],[113.925495,22.519585],[113.9253018,22.519572],[113.9252552,22.5195689]]},"properties":{"highway":"tertiary","name":"海德一道","osm_id":"1185869888"}},{"type":"Feature","geometry":{"type":"LineString","coordinates":[[113.9328812,22.5241235],[113.9325952,22.5240001]]},"properties":{"highway":"footway","name":"","osm_id":"1191357732"}},{"type":"Feature","geometry":{"type":"LineString","coordinates":[[113.9325309,22.5230777],[113.9325343,22.5231062],[113.9327723,22.5230838],[113.9327967,22.5230815],[113.9327932,22.5230508]]},"properties":{"highway":"footway","name":"","osm_id":"1191357733"}},{"type":"Feature","geometry":{"type":"LineString","coordinates":[[113.9334253,22.5241677],[113.9334433,22.5241672],[113.9334436,22.524179]]},"properties":{"highway":"footway","name":"","osm_id":"1191357734"}},{"type":"Feature","geometry":{"type":"LineString","coordinates":[[113.9325952,22.5240001],[113.9325838,22.523893]]},"properties":{"highway":"steps","name":"","osm_id":"1191357736"}},{"type":"Feature","geometry":{"type":"LineString","coordinates":[[113.932859,22.5241301],[113.9327927,22.5241337],[113.9327219,22.5241375],[113.9326443,22.5241417]]},"properties":{"highway":"footway","name":"","osm_id":"1191357737"}},{"type":"Feature","geometry":{"type":"LineString","coordinates":[[113.9325838,22.523893],[113.9326373,22.5238911]]},"properties":{"highway":"footway","name":"","osm_id":"1191357738"}},{"type":"Feature","geometry":{"type":"LineString","coordinates":[[113.9325343,22.5231062],[113.9325536,22.5232655]]},"properties":{"highway":"steps","name":"","osm_id":"1191357739"}},{"type":"Feature","geometry":{"type":"LineString","coordinates":[[113.9327967,22.5230815],[113.9328133,22.5232401]]},"properties":{"highway":"steps","name":"","osm_id":"1191357740"}},{"type":"Feature","geometry":{"type":"LineString","coordinates":[[113.9325832,22.5232629],[113.9325536,22.5232655]]},"properties":{"highway":"footway","name":"","osm_id":"1191357742"}},{"type":"Feature","geometry":{"type":"LineString","coordinates":[[113.9328133,22.5232401],[113.9327678,22.5232441]]},"properties":{"highway":"footway","name":"","osm_id":"1191357743"}},{"type":"Feature","geometry":{"type":"LineString","coordinates":[[113.9325619,22.5230742],[113.9325309,22.5230777]]},"properties":{"highway":"footway","name":"","osm_id":"1191357744"}},{"type":"Feature","geometry":{"type":"LineString","coordinates":[[113.9327932,22.5230508],[113.9327474,22.5230546]]},"properties":{"highway":"footway","name":"","osm_id":"1191357745"}},{"type":"Feature","geometry":{"type":"LineString","coordinates":[[113.9327823,22.5250426],[113.9331926,22.525036],[113.9332461,22.5250851],[113.9334316,22.5257158],[113.933376,22.5257263],[113.9325783,22.5257337],[113.9319655,22.5257393],[113.9317647,22.5257412],[113.9316108,22.5257426],[113.9314814,22.5257563],[113.931385,22.5257722],[113.9312779,22.5258055],[113.931186,22.5258489],[113.9311282,22.5258887],[113.931102,22.5259067],[113.9310722,22.5259272],[113.9295941,22.5258232],[113.9295524,22.5257123],[113.9295153,22.5256181],[113.9295108,22.5256066],[113.9294766,22.5255116],[113.9294599,22.5254477],[113.9294574,22.5253922],[113.9294591,22.525346],[113.9294699,22.525299],[113.9294966,22.5252489],[113.9295358,22.525198],[113.929595,22.5251479],[113.9296576,22.5251109],[113.9297227,22.5250889],[113.9297872,22.5250788],[113.9301893,22.5250739],[113.931753,22.525055],[113.9322483,22.5250491],[113.932362,22.5250477],[113.9327823,22.5250426]]},"properties":{"highway":"footway","name":"","osm_id":"1191357746"}},{"type":"Feature","geometry":{"type":"LineString","coordinates":[[113.9327972,22.5250707],[113.9327829,22.5250708],[113.9327823,22.5250426]]},"properties":{"highway":"footway","name":"","osm_id":"1191357747"}},{"type":"Feature","geometry":{"type":"LineString","coordinates":[[113.9336688,22.5257256],[113.9336272,22.5257066],[113.9334326,22.5250831],[113.9335303,22.5250259],[113.9338969,22.525022]]},"properties":{"highway":"footway","name":"","osm_id":"1191357751"}},{"type":"Feature","geometry":{"type":"LineString","coordinates":[[113.9338979,22.5250593],[113.9338969,22.525022]]},"properties":{"highway":"footway","name":"","osm_id":"1191357753"}},{"type":"Feature","geometry":{"type":"LineString","coordinates":[[113.9277937,22.5192955],[113.9278061,22.5195886],[113.9278091,22.519633],[113.9278132,22.5197003],[113.9278191,22.5197973],[113.9278388,22.5200204]]},"properties":{"highway":"primary","name":"后海大道","osm_id":"1206622040"}},{"type":"Feature","geometry":{"type":"LineString","coordinates":[[113.9281861,22.5196215],[113.9279504,22.5196753],[113.9279058,22.5196834],[113.9278132,22.5197003],[113.9276669,22.5197163]]},"properties":{"highway":"tertiary","name":"海德一道","osm_id":"1206622041"}},{"type":"Feature","geometry":{"type":"LineString","coordinates":[[113.9279933,22.5211202],[113.9280403,22.5211623],[113.9280603,22.5211768],[113.9280814,22.5211867],[113.9280984,22.5211914],[113.928125,22.5211949],[113.9281562,22.5211977],[113.9296439,22.5210261],[113.9296937,22.5210203],[113.9297565,22.521013],[113.9298394,22.5210035],[113.9309189,22.5208789],[113.9310392,22.5208649],[113.9311639,22.5208505],[113.9317025,22.5207884],[113.9320534,22.5207479],[113.9320706,22.520746],[113.9321227,22.5207399],[113.9322024,22.5207309]]},"properties":{"highway":"residential","name":"海德二道","osm_id":"1216000742"}},{"type":"Feature","geometry":{"type":"LineString","coordinates":[[113.9334837,22.520546],[113.9334915,22.5205819],[113.9335004,22.5206362],[113.933506,22.5206777]]},"properties":{"highway":"footway","name":"","osm_id":"1216000743"}},{"type":"Feature","geometry":{"type":"LineString","coordinates":[[113.9336946,22.5206565],[113.9336864,22.5206146],[113.9336761,22.5205606],[113.9336682,22.5205259]]},"properties":{"highway":"footway","name":"","osm_id":"1216000744"}},{"type":"Feature","geometry":{"type":"LineString","coordinates":[[113.9240953,22.5224287],[113.9240625,22.5223335],[113.924031,22.5222419],[113.9240112,22.5221844]]},"properties":{"highway":"footway","name":"","osm_id":"1229212038"}},{"type":"Feature","geometry":{"type":"LineString","coordinates":[[113.9249074,22.5221799],[113.924872,22.5220818],[113.9248444,22.5220053],[113.9248211,22.5219408]]},"properties":{"highway":"footway","name":"","osm_id":"1229212039"}},{"type":"Feature","geometry":{"type":"LineString","coordinates":[[113.9245069,22.5205326],[113.9238857,22.5206949],[113.9236028,22.5207927]]},"properties":{"highway":"pedestrian","name":"","osm_id":"1229212040"}},{"type":"Feature","geometry":{"type":"LineString","coordinates":[[113.9241349,22.5229624],[113.9241782,22.5232251]]},"properties":{"highway":"primary_link","name":"南海大道辅路","osm_id":"1229212046"}},{"type":"Feature","geometry":{"type":"LineString","coordinates":[[113.9341166,22.5182011],[113.9342993,22.5181584],[113.9343503,22.5181465],[113.9344433,22.5181248]]},"properties":{"highway":"tertiary","name":"海德一道","osm_id":"1236945015"}},{"type":"Feature","geometry":{"type":"LineString","coordinates":[[113.9315676,22.518782],[113.9316501,22.5187632]]},"properties":{"highway":"tertiary","name":"海德一道","osm_id":"1236945016"}},{"type":"Feature","geometry":{"type":"LineString","coordinates":[[113.9315875,22.5188468],[113.9315676,22.518782]]},"properties":{"highway":"tertiary","name":"文心五路","osm_id":"1236945017"}},{"type":"Feature","geometry":{"type":"LineString","coordinates":[[113.9297727,22.5177574],[113.9297239,22.5175776],[113.9296972,22.5174855]]},"properties":{"highway":"service","name":"","osm_id":"1270589511"}},{"type":"Feature","geometry":{"type":"LineString","coordinates":[[113.9317647,22.5257412],[113.931753,22.525055]]},"properties":{"highway":"footway","name":"","osm_id":"1303440197"}},{"type":"Feature","geometry":{"type":"LineString","coordinates":[[113.932362,22.5250477],[113.9323636,22.5251146]]},"properties":{"highway":"footway","name":"","osm_id":"1303440199"}},{"type":"Feature","geometry":{"type":"LineString","coordinates":[[113.9322483,22.5250491],[113.9322492,22.5251157]]},"properties":{"highway":"footway","name":"","osm_id":"1303440200"}},{"type":"Feature","geometry":{"type":"LineString","coordinates":[[113.9260947,22.5239757],[113.9262635,22.523934]]},"properties":{"highway":"footway","name":"","osm_id":"1344496575"}},{"type":"Feature","geometry":{"type":"LineString","coordinates":[[113.9250357,22.5237893],[113.9250683,22.5238063],[113.9251066,22.5238236],[113.9251272,22.5238184]]},"properties":{"highway":"footway","name":"","osm_id":"1344496576"}},{"type":"Feature","geometry":{"type":"LineString","coordinates":[[113.9250203,22.5241531],[113.9250814,22.5241321],[113.9250889,22.5240733],[113.9250384,22.5239895],[113.9250636,22.5239342],[113.9251235,22.523872],[113.9251132,22.5238409],[113.9251272,22.5238184],[113.9251684,22.5237795],[113.9252329,22.5237813],[113.9253218,22.5238132],[113.9253957,22.5237847],[113.925435,22.5237493],[113.9255173,22.5237553],[113.9256239,22.5237536],[113.9256749,22.5237126]]},"properties":{"highway":"footway","name":"","osm_id":"1344496577"}},{"type":"Feature","geometry":{"type":"LineString","coordinates":[[113.9256959,22.5242818],[113.9256838,22.5242444],[113.9256903,22.5241856],[113.9257268,22.5241467],[113.9257801,22.5241165],[113.9258007,22.5240534],[113.9257998,22.5240197],[113.9258362,22.5239653],[113.9258783,22.5239359],[113.9258924,22.5238841],[113.9258746,22.5238201],[113.9258353,22.5237709]]},"properties":{"highway":"footway","name":"","osm_id":"1344496578"}},{"type":"Feature","geometry":{"type":"LineString","coordinates":[[113.9253368,22.5248517],[113.9253545,22.5248181],[113.9253358,22.5247896],[113.9253442,22.5247714],[113.9253854,22.5247749],[113.9254485,22.5247239],[113.9254392,22.5246924],[113.9254293,22.5246824],[113.9254612,22.52466],[113.9254342,22.524636]]},"properties":{"highway":"footway","name":"","osm_id":"1344496581"}},{"type":"Feature","geometry":{"type":"LineString","coordinates":[[113.9256566,22.5244768],[113.9256782,22.5244587],[113.9256828,22.5244301],[113.9256697,22.5243887],[113.9256632,22.5243593],[113.9256894,22.5243144],[113.9257324,22.524291]]},"properties":{"highway":"footway","name":"","osm_id":"1344496582"}},{"type":"Feature","geometry":{"type":"LineString","coordinates":[[113.9257221,22.5244975],[113.9257418,22.5245425],[113.9257524,22.524554],[113.9257951,22.5246004],[113.9258325,22.5246323],[113.9258428,22.5246747],[113.9258222,22.524704],[113.925767,22.5247455],[113.9257455,22.5247783],[113.9257532,22.52483]]},"properties":{"highway":"footway","name":"","osm_id":"1344496583"}},{"type":"Feature","geometry":{"type":"LineString","coordinates":[[113.9251856,22.5247694],[113.9251974,22.5247109],[113.9252273,22.5246703],[113.9252657,22.5246513],[113.9253358,22.5246522],[113.9254032,22.5246487],[113.9254342,22.524636],[113.9254452,22.5246315],[113.9254546,22.5245934],[113.925455,22.5245742],[113.9254555,22.5245451],[113.9254724,22.5245036],[113.9255135,22.5244751],[113.9255668,22.5244664],[113.9256566,22.5244768],[113.9256716,22.5244785],[113.9257221,22.5244975],[113.9258082,22.5244837],[113.9258551,22.524474]]},"properties":{"highway":"footway","name":"","osm_id":"1344496584"}},{"type":"Feature","geometry":{"type":"LineString","coordinates":[[113.9255819,22.5248745],[113.9256382,22.5250378]]},"properties":{"highway":"footway","name":"","osm_id":"1344496585"}},{"type":"Feature","geometry":{"type":"LineString","coordinates":[[113.92518,22.5250665],[113.9252834,22.5248371],[113.9252371,22.5248073],[113.925203,22.5247853],[113.9251856,22.5247694],[113.9251328,22.5247213],[113.9250795,22.5246487],[113.9250504,22.5245967],[113.9250374,22.5245736],[113.9250187,22.5245088],[113.9250393,22.5244483],[113.9250655,22.5244068],[113.9250823,22.5243705],[113.9250599,22.5242858],[113.9250203,22.5241531],[113.9249657,22.5239696],[113.9249626,22.5239592],[113.9249673,22.5239057],[113.9249935,22.5238469],[113.9250262,22.5237977],[113.9250357,22.5237893],[113.9250617,22.5237666],[113.9251581,22.5237286],[113.9252067,22.5237095],[113.9253919,22.5236491],[113.9254883,22.5236378],[113.9255799,22.5236525],[113.9256088,22.5236642],[113.9256398,22.5236767],[113.9256749,22.5237126],[113.9256931,22.5237311],[113.9257474,22.5237631],[113.9258353,22.5237709],[113.9259466,22.5237614],[113.9260158,22.5237787],[113.926057,22.5238089],[113.926085,22.5238668],[113.9260981,22.5239264],[113.9260947,22.5239757],[113.9260813,22.5241658],[113.9260635,22.5242115],[113.9260177,22.5242539],[113.925955,22.5242763],[113.9258774,22.5242893],[113.9258418,22.5243135],[113.9258348,22.524338],[113.9258288,22.5243593],[113.9258551,22.524474],[113.9258952,22.5246479],[113.925883,22.5247127],[113.9258456,22.5247749],[113.9257754,22.5248233],[113.9257532,22.52483],[113.9256585,22.5248587],[113.9255819,22.5248745],[113.9255706,22.5248768],[113.925555,22.5248778],[113.9254761,22.5248829],[113.9253685,22.5248604],[113.9253368,22.5248517],[113.9252834,22.5248371]]},"properties":{"highway":"footway","name":"","osm_id":"1344496586"}},{"type":"Feature","geometry":{"type":"LineString","coordinates":[[113.9258751,22.5235735],[113.9259164,22.5235881]]},"properties":{"highway":"footway","name":"","osm_id":"1350607877"}},{"type":"Feature","geometry":{"type":"LineString","coordinates":[[113.9256088,22.5236642],[113.9256863,22.523644]]},"properties":{"highway":"footway","name":"","osm_id":"1350607878"}},{"type":"Feature","geometry":{"type":"LineString","coordinates":[[113.9253358,22.5246522],[113.9253385,22.5246212],[113.9253124,22.5245971],[113.9253162,22.5245631],[113.925261,22.5245132],[113.9252737,22.5244751],[113.9252438,22.5244493],[113.925268,22.5243807],[113.925261,22.5243525],[113.9252897,22.524347]]},"properties":{"highway":"footway","name":"","osm_id":"1350607883"}},{"type":"Feature","geometry":{"type":"LineString","coordinates":[[113.9252934,22.5243607],[113.9252897,22.524347],[113.9252627,22.524245],[113.9252568,22.5242229],[113.9256137,22.5241434],[113.925649,22.5242774],[113.9252934,22.5243607]]},"properties":{"highway":"pedestrian","name":"","osm_id":"1350607885"}},{"type":"Feature","geometry":{"type":"LineString","coordinates":[[113.925555,22.5248778],[113.9255453,22.5248451]]},"properties":{"highway":"footway","name":"","osm_id":"1350607888"}},{"type":"Feature","geometry":{"type":"LineString","coordinates":[[113.9252371,22.5248073],[113.9252111,22.5248273]]},"properties":{"highway":"footway","name":"","osm_id":"1350607890"}},{"type":"Feature","geometry":{"type":"LineString","coordinates":[[113.9250504,22.5245967],[113.9250136,22.524622]]},"properties":{"highway":"footway","name":"","osm_id":"1350607891"}},{"type":"Feature","geometry":{"type":"LineString","coordinates":[[113.925649,22.5242774],[113.9256959,22.5242818],[113.9257324,22.524291],[113.9258348,22.524338]]},"properties":{"highway":"footway","name":"","osm_id":"1350608132"}},{"type":"Feature","geometry":{"type":"LineString","coordinates":[[113.9251581,22.5237286],[113.9251066,22.5235449]]},"properties":{"highway":"footway","name":"","osm_id":"1350644423"}},{"type":"Feature","geometry":{"type":"LineString","coordinates":[[113.9249816,22.5234628],[113.9249074,22.5235266],[113.9248677,22.5235924],[113.9248724,22.5236711],[113.9248147,22.523712]]},"properties":{"highway":"service","name":"","osm_id":"1350644424"}},{"type":"Feature","geometry":{"type":"LineString","coordinates":[[113.9247681,22.524432],[113.9247437,22.5243171],[113.9247333,22.524268],[113.9248919,22.5242392],[113.9250112,22.5242176],[113.9250266,22.5242903],[113.925032,22.5243155],[113.9249281,22.5243343],[113.9249083,22.5244066],[113.9247681,22.524432]]},"properties":{"highway":"pedestrian","name":"","osm_id":"1350644426"}},{"type":"Feature","geometry":{"type":"LineString","coordinates":[[113.9250266,22.5242903],[113.9250599,22.5242858],[113.9252627,22.524245]]},"properties":{"highway":"footway","name":"","osm_id":"1350644427"}},{"type":"Feature","geometry":{"type":"LineString","coordinates":[[113.9247437,22.5243171],[113.9246911,22.524326]]},"properties":{"highway":"steps","name":"","osm_id":"1350644428"}},{"type":"Feature","geometry":{"type":"LineString","coordinates":[[113.9248732,22.5241689],[113.9248919,22.5242392]]},"properties":{"highway":"footway","name":"","osm_id":"1350644429"}},{"type":"Feature","geometry":{"type":"LineString","coordinates":[[113.9248744,22.5239916],[113.9249657,22.5239696]]},"properties":{"highway":"footway","name":"","osm_id":"1350644430"}},{"type":"Feature","geometry":{"type":"LineString","coordinates":[[113.925455,22.5245742],[113.9254942,22.5245905],[113.9255643,22.5246122],[113.9256498,22.524603],[113.9257102,22.5245809],[113.9257524,22.524554],[113.9257418,22.5245425],[113.9257221,22.5244975],[113.9256716,22.5244785],[113.9256566,22.5244768],[113.9255668,22.5244664],[113.9255135,22.5244751],[113.9254724,22.5245036],[113.9254555,22.5245451],[113.925455,22.5245742]]},"properties":{"highway":"pedestrian","name":"","osm_id":"1350644433"}},{"type":"Feature","geometry":{"type":"LineString","coordinates":[[113.9273336,22.5177114],[113.9273814,22.5176555],[113.9274015,22.5175995],[113.9273992,22.5172413]]},"properties":{"highway":"footway","name":"","osm_id":"1352480795"}},{"type":"Feature","geometry":{"type":"LineString","coordinates":[[113.9278543,22.5175106],[113.9278773,22.5175676],[113.9279183,22.5176287],[113.9279733,22.5176568],[113.9280711,22.5176776],[113.9281637,22.517668],[113.9289039,22.5174866],[113.9289794,22.5174679],[113.9302209,22.5171606],[113.9302681,22.5171464]]},"properties":{"highway":"footway","name":"","osm_id":"1352480805"}},{"type":"Feature","geometry":{"type":"LineString","coordinates":[[113.9274631,22.5195288],[113.9274849,22.5194935],[113.9274926,22.5194553],[113.9274934,22.5194086],[113.9274266,22.5182833],[113.9274151,22.5182454],[113.9274008,22.5182129],[113.9273784,22.5181868],[113.927356,22.5181678],[113.927327,22.5181451],[113.927291,22.5181254],[113.9272205,22.5180989],[113.9266433,22.5180912],[113.9250947,22.5180708],[113.9250681,22.5181001],[113.9250388,22.5180985]]},"properties":{"highway":"footway","name":"","osm_id":"1352480814"}},{"type":"Feature","geometry":{"type":"LineString","coordinates":[[113.9247912,22.5180898],[113.9247919,22.5181797]]},"properties":{"highway":"footway","name":"","osm_id":"1352480815"}},{"type":"Feature","geometry":{"type":"LineString","coordinates":[[113.9248785,22.5180896],[113.9247912,22.5180898],[113.9245661,22.5180929],[113.9243736,22.518077],[113.9241244,22.5180368]]},"properties":{"highway":"footway","name":"","osm_id":"1352480816"}},{"type":"Feature","geometry":{"type":"LineString","coordinates":[[113.9250388,22.5180985],[113.9250097,22.518097],[113.9249172,22.5180922],[113.9248785,22.5180896]]},"properties":{"highway":"footway","name":"","osm_id":"1352480817"}},{"type":"Feature","geometry":{"type":"LineString","coordinates":[[113.9337641,22.5225273],[113.9336852,22.5225055],[113.9336634,22.5224955],[113.9336407,22.5224654],[113.9336219,22.5223935],[113.9333551,22.5223464],[113.9330626,22.5223375]]},"properties":{"highway":"residential","name":"","osm_id":"1354399509"}},{"type":"Feature","geometry":{"type":"LineString","coordinates":[[113.9342952,22.5226165],[113.9341342,22.5225149],[113.9340699,22.5225125],[113.9339948,22.5225496],[113.9337641,22.5225273],[113.9337373,22.5226312]]},"properties":{"highway":"residential","name":"","osm_id":"1354399510"}},{"type":"Feature","geometry":{"type":"LineString","coordinates":[[113.9346331,22.5228915],[113.9345661,22.5230389],[113.9343797,22.5231356],[113.9335576,22.5231963],[113.9334369,22.5231665],[113.9328575,22.5227776],[113.93282,22.5226438],[113.9328682,22.5224976],[113.9330116,22.5223571],[113.9330626,22.5223375],[113.9330987,22.522355],[113.9332837,22.5224525],[113.9333189,22.5224716]]},"properties":{"highway":"residential","name":"","osm_id":"1354399511"}},{"type":"Feature","geometry":{"type":"LineString","coordinates":[[113.9333645,22.5222132],[113.9333614,22.5222574],[113.9333551,22.5223464],[113.9333189,22.5224716],[113.9336877,22.5226215],[113.9337373,22.5226312],[113.93387,22.5226574],[113.9342952,22.5226165],[113.9346331,22.5228915],[113.9347404,22.5228222],[113.934841,22.5228249],[113.9348766,22.5228258]]},"properties":{"highway":"residential","name":"","osm_id":"1354399512"}},{"type":"Feature","geometry":{"type":"LineString","coordinates":[[113.9313314,22.5241595],[113.9313273,22.5237302]]},"properties":{"highway":"footway","name":"","osm_id":"1354399514"}},{"type":"Feature","geometry":{"type":"LineString","coordinates":[[113.9306138,22.5236851],[113.9305808,22.5236346],[113.9305581,22.5235618],[113.9305479,22.5234609],[113.9305339,22.5232735],[113.9305481,22.5231179],[113.9303496,22.5230526],[113.9299991,22.5231096],[113.929952,22.5231121],[113.9299073,22.5231421],[113.9298839,22.523195],[113.929898,22.5232557],[113.9299299,22.5233034],[113.930066,22.5234183],[113.9302724,22.5234656],[113.9304627,22.5234821],[113.9305479,22.5234609]]},"properties":{"highway":"footway","name":"","osm_id":"1354399515"}},{"type":"Feature","geometry":{"type":"LineString","coordinates":[[113.9308451,22.5236627],[113.9306138,22.5236851],[113.9307815,22.5238727],[113.930752,22.5239792],[113.9307507,22.5241733]]},"properties":{"highway":"footway","name":"","osm_id":"1354399516"}},{"type":"Feature","geometry":{"type":"LineString","coordinates":[[113.9348045,22.5178358],[113.9346882,22.5177707],[113.9345216,22.5172874]]},"properties":{"highway":"footway","name":"","osm_id":"1356839105"}},{"type":"Feature","geometry":{"type":"LineString","coordinates":[[113.9289728,22.5226855],[113.9289789,22.5227414],[113.9289896,22.5228302],[113.9286906,22.522861],[113.928646,22.5229283],[113.9286906,22.5230879]]},"properties":{"highway":"service","name":"","osm_id":"1360342326"}},{"type":"Feature","geometry":{"type":"LineString","coordinates":[[113.9258353,22.5237709],[113.9259164,22.5235881],[113.9259839,22.5233281]]},"properties":{"highway":"footway","name":"","osm_id":"1391093415"}},{"type":"Feature","geometry":{"type":"LineString","coordinates":[[113.9302795,22.5247595],[113.9297279,22.5247694],[113.9293167,22.5247959],[113.9289208,22.5248374],[113.9285357,22.524897],[113.9279773,22.5250101],[113.9275582,22.5251051],[113.9271327,22.5252218],[113.9265117,22.5254063]]},"properties":{"highway":"trunk","name":"滨海大道","osm_id":"1416570855"}},{"type":"Feature","geometry":{"type":"LineString","coordinates":[[113.9333363,22.5249419],[113.9332509,22.5249453],[113.9297671,22.5250117],[113.9292508,22.5250331]]},"properties":{"highway":"primary","name":"滨海大道辅路","osm_id":"1416570856"}},{"type":"Feature","geometry":{"type":"LineString","coordinates":[[113.924538,22.5256569],[113.924542,22.5256021],[113.9245425,22.5253228],[113.9245331,22.5251518],[113.9245016,22.5248807],[113.9244687,22.5246824],[113.924426,22.5244648],[113.924365,22.5242144],[113.9243194,22.5240625],[113.9242614,22.5238868]]},"properties":{"highway":"primary","name":"南海大道","osm_id":"1416570859"}},{"type":"Feature","geometry":{"type":"LineString","coordinates":[[113.9277395,22.5178631],[113.9277437,22.5179865]]},"properties":{"highway":"primary","name":"后海大道","osm_id":"1420290112"}},{"type":"Feature","geometry":{"type":"LineString","coordinates":[[113.9281627,22.5177577],[113.9278307,22.5178406],[113.9277395,22.5178631]]},"properties":{"highway":"secondary","name":"创业路","osm_id":"1420290113"}},{"type":"Feature","geometry":{"type":"LineString","coordinates":[[113.9322024,22.5207309],[113.9322724,22.5207229],[113.9323049,22.5207189],[113.9334915,22.5205819],[113.9335864,22.520571],[113.9336761,22.5205606],[113.9350118,22.5204065],[113.9350505,22.5203896],[113.9350756,22.5203733],[113.9350951,22.5203535],[113.9351292,22.5202937],[113.935154,22.5202288],[113.9351706,22.5201245]]},"properties":{"highway":"residential","name":"海德二道","osm_id":"1420290114"}},{"type":"Feature","geometry":{"type":"LineString","coordinates":[[113.9322024,22.5207309],[113.9322168,22.5207845],[113.9322263,22.5208195],[113.9324349,22.521609],[113.9325392,22.5220054],[113.9325524,22.5220777],[113.9325774,22.5222139]]},"properties":{"highway":"tertiary","name":"文心五路","osm_id":"1420290115"}},{"type":"Feature","geometry":{"type":"LineString","coordinates":[[113.9351706,22.5201245],[113.9346064,22.518609]]},"properties":{"highway":"secondary","name":"后海滨路","osm_id":"1420290116"}},{"type":"Feature","geometry":{"type":"LineString","coordinates":[[113.9346064,22.518609],[113.9345292,22.5183631],[113.9345054,22.5182972],[113.9344683,22.5181941],[113.9344433,22.5181248],[113.9344163,22.5180499],[113.9342799,22.5176783]]},"properties":{"highway":"secondary","name":"后海滨路","osm_id":"1420290117"}},{"type":"Feature","geometry":{"type":"LineString","coordinates":[[113.9344683,22.5181941],[113.9343757,22.5182143],[113.9343198,22.5182265],[113.933981,22.5183003]]},"properties":{"highway":"tertiary","name":"海德一道","osm_id":"1420290118"}},{"type":"Feature","geometry":{"type":"LineString","coordinates":[[113.9292508,22.5250331],[113.9286792,22.5250874],[113.9281609,22.5251499],[113.9278744,22.525208]]},"properties":{"highway":"primary","name":"滨海大道辅路","osm_id":"1420454349"}},{"type":"Feature","geometry":{"type":"LineString","coordinates":[[113.9296774,22.5200012],[113.9296371,22.5197192],[113.9296756,22.5197148],[113.9297213,22.5197102],[113.9299587,22.5196715],[113.9302044,22.5196146],[113.9302091,22.5196323],[113.9302216,22.5196794],[113.9304735,22.5196193],[113.9307618,22.5195506],[113.9307707,22.5196344],[113.9307752,22.5196643],[113.9298311,22.5198799],[113.9297452,22.5199912],[113.9297086,22.5199966],[113.9296774,22.5200012]]},"properties":{"highway":"pedestrian","name":"","osm_id":"1434392982"}},{"type":"Feature","geometry":{"type":"LineString","coordinates":[[113.9309613,22.5195893],[113.9308706,22.5196086],[113.9307966,22.5196283]]},"properties":{"highway":"footway","name":"","osm_id":"1434392983"}},{"type":"Feature","geometry":{"type":"LineString","coordinates":[[113.9310103,22.5196532],[113.9310026,22.5195802],[113.9309939,22.5194971],[113.9316359,22.5193462],[113.9316543,22.5194279],[113.9316815,22.5195485],[113.9315949,22.5194972],[113.9310478,22.5196185],[113.9310486,22.5196465],[113.9310103,22.5196532]]},"properties":{"highway":"pedestrian","name":"","osm_id":"1434392984"}},{"type":"Feature","geometry":{"type":"LineString","coordinates":[[113.9319212,22.5192802],[113.9321976,22.5192148],[113.9321815,22.5191578],[113.9328333,22.5190091],[113.9328493,22.519076],[113.9330366,22.5190329],[113.933051,22.5190965],[113.9330592,22.5191389],[113.9330018,22.5192279],[113.9329712,22.5193056],[113.9329554,22.5193711],[113.9328444,22.5193876],[113.9328187,22.5193919],[113.9327589,22.5193999],[113.9327563,22.5193807],[113.9327553,22.5193732],[113.9327513,22.5193476],[113.9323541,22.5194361],[113.9319883,22.5195176],[113.9319427,22.5193563],[113.9319212,22.5192802]]},"properties":{"highway":"pedestrian","name":"","osm_id":"1434392986"}},{"type":"Feature","geometry":{"type":"LineString","coordinates":[[113.9332586,22.5189704],[113.933278,22.5190432],[113.9332966,22.5191126],[113.9335903,22.5190486],[113.9336052,22.5191046],[113.9336062,22.5191231],[113.9337097,22.5190795],[113.9338092,22.5190573],[113.9340157,22.5190548],[113.9343725,22.5190573],[113.9345609,22.5195685],[113.934774,22.5195049],[113.9348042,22.5194959],[113.934514,22.5186879],[113.9344837,22.5186941],[113.9344288,22.5187054],[113.9343505,22.5187236],[113.9342919,22.5187372],[113.9341973,22.5187592],[113.9341334,22.5187741],[113.9340595,22.5187913],[113.9339828,22.5188091],[113.9339698,22.5187587],[113.9334019,22.51889],[113.9334152,22.5189365],[113.9332586,22.5189704]]},"properties":{"highway":"pedestrian","name":"","osm_id":"1434392987"}},{"type":"Feature","geometry":{"type":"LineString","coordinates":[[113.9326512,22.5175721],[113.9326409,22.5175264]]},"properties":{"highway":"footway","name":"","osm_id":"1434392989"}},{"type":"Feature","geometry":{"type":"LineString","coordinates":[[113.9333647,22.5201888],[113.9326196,22.5202734],[113.932507,22.5195121]]},"properties":{"highway":"corridor","name":"","osm_id":"1434392991"}},{"type":"Feature","geometry":{"type":"LineString","coordinates":[[113.9347511,22.5200152],[113.9346651,22.520041],[113.9335992,22.5201621]]},"properties":{"highway":"corridor","name":"","osm_id":"1434392992"}},{"type":"Feature","geometry":{"type":"LineString","coordinates":[[113.9334325,22.5201811],[113.9333647,22.5201888]]},"properties":{"highway":"corridor","name":"","osm_id":"1434392993"}},{"type":"Feature","geometry":{"type":"LineString","coordinates":[[113.9335425,22.5201686],[113.9334325,22.5201811]]},"properties":{"highway":"corridor","name":"","osm_id":"1434392994"}},{"type":"Feature","geometry":{"type":"LineString","coordinates":[[113.9335992,22.5201621],[113.9335425,22.5201686]]},"properties":{"highway":"corridor","name":"","osm_id":"1434392995"}},{"type":"Feature","geometry":{"type":"LineString","coordinates":[[113.932507,22.5195121],[113.9325132,22.5194308]]},"properties":{"highway":"footway","name":"","osm_id":"1434392996"}},{"type":"Feature","geometry":{"type":"LineString","coordinates":[[113.9325132,22.5194308],[113.9327563,22.5193807],[113.9327821,22.5193756],[113.9328137,22.5193337]]},"properties":{"highway":"cycleway","name":"","osm_id":"1434392997"}},{"type":"Feature","geometry":{"type":"LineString","coordinates":[[113.9323,22.5195349],[113.9322919,22.5194654],[113.9323556,22.5194514],[113.9327412,22.5193663],[113.9327462,22.5194111],[113.9328195,22.519401],[113.9329524,22.5193835],[113.9329503,22.5194276],[113.9329577,22.5194568],[113.9328252,22.5194738],[113.932507,22.5195121],[113.9323628,22.5195294],[113.9323,22.5195349]]},"properties":{"highway":"pedestrian","name":"","osm_id":"1434392998"}},{"type":"Feature","geometry":{"type":"LineString","coordinates":[[113.9347865,22.5201122],[113.9347511,22.5200152],[113.9346905,22.5198489],[113.9346528,22.5198606],[113.9345702,22.5196343]]},"properties":{"highway":"footway","name":"","osm_id":"1436391640"}},{"type":"Feature","geometry":{"type":"LineString","coordinates":[[113.9313661,22.5208614],[113.9313763,22.5208782],[113.9313942,22.5208954],[113.931415,22.5209079],[113.931445,22.5209149],[113.9314778,22.5209161],[113.9315048,22.5209141],[113.9317189,22.5208886],[113.9317465,22.5208787],[113.9317642,22.5208653],[113.9317836,22.5208457],[113.9318272,22.520777]]},"properties":{"highway":"pedestrian","name":"深圳湾大街","osm_id":"1436391641"}},{"type":"Feature","geometry":{"type":"LineString","coordinates":[[113.9337991,22.5205742],[113.9338637,22.5206224],[113.9342225,22.520582],[113.9345163,22.5205489],[113.9345706,22.520487]]},"properties":{"highway":"pedestrian","name":"深圳湾大街","osm_id":"1436391642"}},{"type":"Feature","geometry":{"type":"LineString","coordinates":[[113.9287426,22.5211573],[113.9288703,22.5212129],[113.9291972,22.521176],[113.9294268,22.52115],[113.9295354,22.521068]]},"properties":{"highway":"pedestrian","name":"深圳湾大街","osm_id":"1436391643"}},{"type":"Feature","geometry":{"type":"LineString","coordinates":[[113.9350112,22.5203401],[113.9349699,22.520367],[113.9349272,22.5203786],[113.934828,22.52039],[113.9336682,22.5205259]]},"properties":{"highway":"footway","name":"","osm_id":"1436530888"}},{"type":"Feature","geometry":{"type":"LineString","coordinates":[[113.9336682,22.5205259],[113.9335788,22.5205356],[113.9334837,22.520546]]},"properties":{"highway":"footway","name":"","osm_id":"1436530889"}},{"type":"Feature","geometry":{"type":"LineString","coordinates":[[113.933506,22.5206777],[113.9324064,22.5208001],[113.9322945,22.5208117]]},"properties":{"highway":"footway","name":"","osm_id":"1436530890"}},{"type":"Feature","geometry":{"type":"LineString","coordinates":[[113.9336946,22.5206565],[113.933604,22.5206667],[113.933506,22.5206777]]},"properties":{"highway":"footway","name":"","osm_id":"1436530891"}},{"type":"Feature","geometry":{"type":"LineString","coordinates":[[113.9316477,22.5207282],[113.9316093,22.5207155],[113.9315613,22.5207062],[113.9315122,22.5207015],[113.9313945,22.5207109]]},"properties":{"highway":"pedestrian","name":"","osm_id":"1436530892"}},{"type":"Feature","geometry":{"type":"LineString","coordinates":[[113.9350165,22.5204359],[113.9355393,22.5203803],[113.9356748,22.5203659]]},"properties":{"highway":"pedestrian","name":"深圳湾大街","osm_id":"1436530893"}},{"type":"Feature","geometry":{"type":"LineString","coordinates":[[113.9344433,22.5181248],[113.9346463,22.518075],[113.934747,22.5180502],[113.9348956,22.5180137],[113.9356048,22.5178395]]},"properties":{"highway":"tertiary","name":"海德一道","osm_id":"1436530924"}},{"type":"Feature","geometry":{"type":"LineString","coordinates":[[113.93171,22.5207471],[113.9316477,22.5207282]]},"properties":{"highway":"pedestrian","name":"","osm_id":"1441576176"}},{"type":"Feature","geometry":{"type":"LineString","coordinates":[[113.931157,22.5206372],[113.9311314,22.5204404],[113.9311026,22.5202207]]},"properties":{"highway":"footway","name":"","osm_id":"1441576177"}},{"type":"Feature","geometry":{"type":"LineString","coordinates":[[113.9308897,22.5206294],[113.931157,22.5206372],[113.9311794,22.5206378]]},"properties":{"highway":"footway","name":"","osm_id":"1441576178"}},{"type":"Feature","geometry":{"type":"LineString","coordinates":[[113.9309115,22.5204997],[113.9311314,22.5204404]]},"properties":{"highway":"footway","name":"","osm_id":"1441576179"}},{"type":"Feature","geometry":{"type":"LineString","coordinates":[[113.9318946,22.5207013],[113.931858,22.5205892],[113.9317356,22.5202103],[113.93133,22.520258]]},"properties":{"highway":"footway","name":"","osm_id":"1441576182"}},{"type":"Feature","geometry":{"type":"LineString","coordinates":[[113.9311794,22.5206378],[113.9313849,22.5206438],[113.931858,22.5205892]]},"properties":{"highway":"footway","name":"","osm_id":"1441576183"}},{"type":"Feature","geometry":{"type":"LineString","coordinates":[[113.9319241,22.5207906],[113.9318946,22.5207013]]},"properties":{"highway":"footway","name":"","osm_id":"1441576184"}},{"type":"Feature","geometry":{"type":"LineString","coordinates":[[113.9342891,22.5213547],[113.9338044,22.5214371],[113.9337114,22.5214529]]},"properties":{"highway":"service","name":"","osm_id":"1441576186"}},{"type":"Feature","geometry":{"type":"LineString","coordinates":[[113.9351064,22.5212502],[113.9352236,22.5212134],[113.9353618,22.5211717]]},"properties":{"highway":"footway","name":"","osm_id":"1441576187"}}]}